week,future_return,volume,inventory,amount,BASIS,index_turnover_rate,short_balance_ratio,pli,t_spread,RSI,index_trading_volume,CCt+1
1,,10.97604672,8.185907481,10.97604672,59.268,0.44,5.33814E-06,0,2.0474,0,6.510793911,0
2,-0.056701102,13.4004859,10.34583089,13.4004859,31.716,0.658,9.94674E-06,0.2,2.0188,52.44235318,8.499682775,0
3,-0.028818771,13.47415622,10.79955517,13.47415622,34.6024,0.49,2.69912E-05,0.2,1.97462,18.35079143,8.218636201,0
4,-0.042738777,13.52736971,10.82013822,13.52736971,57.078,0.5,2.83177E-05,0.25,1.94245,17.03837027,7.993089807,0
5,-0.04836422,14.04926402,11.17938094,14.04926402,16.1712,0.468,5.55096E-05,0.6,1.8994,48.44184978,8.089973152,1
6,-0.030834541,14.22934719,11.29428426,14.22934719,27.07,0.448,8.59324E-05,0.4,1.78708,42.87809465,7.99287022,1
7,0.031421247,14.2930166,11.48022664,14.2930166,21.9526,0.492,8.58586E-05,0.6,1.75942,59.21534191,8.119764703,1
8,-0.034235325,14.42549132,11.63570046,14.42549132,16.796,0.36,0.000136009,0.4,1.73186,20.31090931,7.796847461,1
9,-0.006131743,14.13101741,11.65598631,14.13101741,13.7454,0.386,9.21566E-05,0.6,1.709771429,44.0126594,7.861854188,1
10,-0.003846047,13.03832503,10.77348301,13.03832503,20.9505,0.33,0.000104184,0,1.66765,0,6.808476234,1
11,0.01380012,14.10556556,11.72729463,14.10556556,15.1474,0.334,0.000159301,0.4,1.54944,73.46613412,7.687254453,1
12,-0.065454549,14.169575,11.9131502,14.169575,16.0316,0.33,0.000147226,0.2,1.47604,13.2600515,7.567805756,1
13,-0.010009815,14.35122877,11.93847421,14.35122877,0.709,0.346,0.000173712,0.6,1.41464,78.08441558,7.619616259,1
14,0.021684229,14.42075506,11.87675575,14.42075506,-4.8134,0.386,0.000174856,0.6,1.41404,29.9976051,7.761962075,0
15,0.0439133,14.42764886,11.91091604,14.42764886,2.0656,0.552,0.000135645,1,1.39864,100,8.156277841,0
16,0.032498998,14.23065203,11.97699905,14.23065203,-1.385,0.582,0.000134395,0.6,1.39542,73.20272417,8.182648696,0
17,0.014877797,14.3550968,12.00248046,14.3550968,3.0464,0.62,0.000103215,0.6,1.40828,47.81950874,8.272041733,0
18,-0.010608367,14.3664978,11.92189111,14.3664978,-0.3646,0.55,0.000103474,0.6,1.40002,30.14762651,8.17541249,0
19,0.032334935,14.24853441,12.01612206,14.24853441,16.9472,0.636,9.01408E-05,0.6,1.40158,52.98095958,8.373308964,0
20,-0.022350748,14.22378837,11.99731265,14.22378837,10.9398,0.442,0.000125046,0.6,1.42652,22.65917127,7.967002844,0
21,0.012314255,14.12493675,12.00452545,14.12493675,9.8324,0.59,7.8143E-05,0.4,1.38852,81.39642519,8.347348672,0
22,0.018951737,13.95993379,12.03686078,13.95993379,14.8042,0.65,7.98617E-05,0.6,1.42122,44.8122674,8.467174873,0
23,-0.017732717,14.02896411,11.93827816,14.02896411,10.224,0.56,7.28959E-05,0.6,1.456883333,18.30442181,8.313484553,0
24,-0.017244782,12.85890031,10.95795636,12.85890031,18.548,0.36,0.00013018,0.5,1.4578,39.8561676,6.930739115,0
25,0.013332493,13.35234907,11.56942866,13.35234907,11.6695,0.4725,9.39857E-05,0.5,1.4614,78.18771114,8.002018123,0
26,0.048106913,11.9968998,10.25678179,11.9968998,9.967,0.83,7.10771E-05,1,1.45565,100,7.20776357,0
27,0.055407014,14.01963274,11.9184839,14.01963274,13.1958,1.322,7.65221E-05,1,1.49084,100,9.268203537,0
28,0.059211801,14.33872018,12.12078705,14.33872018,58.7094,1.234,8.86071E-05,0.6,1.62144,59.08295349,9.217596979,0
29,0.026528711,14.14948683,12.20752659,14.14948683,91.4576,0.996,7.08142E-05,0.2,1.72546,80.20798666,9.079960579,0
30,0.002532898,14.11238178,12.23464067,14.11238178,54.566,1.078,6.54272E-05,0.6,1.8434,71.01082767,9.170397158,0
31,-0.003636657,13.94565246,12.2220887,13.94565246,38.6322,0.962,5.67972E-05,0.4,1.9122,17.80030411,9.163349388,0
32,-0.083806913,14.18808877,12.05915491,14.18808877,47.851,0.636,5.1845E-05,0.6,1.86202,23.64405563,8.743373726,0
33,-0.012833948,14.05357898,11.86407517,14.05357898,14.7806,0.544,7.59039E-05,0.4,1.76058,63.4954488,8.594979818,0
34,-0.005961907,13.79350623,11.8484544,13.79350623,15.4652,0.428,0.00011565,0.4,1.41406,36.07419562,8.389348456,0
35,0.00064318,13.82136439,11.94357737,13.82136439,8.1332,0.414,0.000101629,0.6,1.32376,41.16818299,8.328149089,0
36,0.03211897,13.67267083,12.01840482,13.67267083,29.419,0.488,7.80715E-05,0.4,1.09612,78.63390203,8.510710222,0
37,-0.012951607,13.91704045,11.93342367,13.91704045,35.1238,0.47,8.13544E-05,0.2,0.88026,67.96909101,8.467397722,0
38,-0.04009873,13.88604264,12.02532385,13.88604264,27.2742,0.396,8.85092E-05,0.6,0.8584,32.00494688,8.283150459,0
39,0.023430794,13.55817533,11.70247087,13.55817533,7.79725,0.5325,7.40517E-05,0.5,1.0459,69.48527544,8.414766147,0
40,-0.01542952,13.84566239,12.05094983,13.84566239,10.2816,0.394,0.000154002,0.4,1.30192,31.98823507,8.222322677,0
41,-0.047174612,13.99924362,12.10141188,13.99924362,2.6764,0.414,0.000119132,0.6,1.24744,25.07212217,8.228112808,0
42,0.003688364,13.97210995,12.06851602,13.97210995,11.8164,0.418,0.000184325,0.6,1.1269,59.34089204,8.189638673,0
43,0.027587866,12.52705409,11.10806517,12.52705409,5.7045,0.4,0.00018512,1,1.12215,100,7.30588018,0
44,0.001339961,13.23321758,11.52843457,13.23321758,-1.956,0.463333333,0.000177417,0.666666667,1.1456,52.40347143,7.87897728,0
45,0.050716683,13.83467475,12.1234842,13.83467475,18.6952,0.664,0.000124788,0.4,1.1489,83.5455085,8.796987739,0
46,-0.011770964,13.89504237,12.08230486,13.89504237,12.364,0.528,0.000171785,0.8,1.0807,17.50602876,8.586868497,0
47,0.013653821,13.85156472,12.11646517,13.85156472,7.4132,0.582,0.00032939,0.6,1.12972,68.09820081,8.6750564,0
48,0.019721624,13.75539743,12.26665962,13.75539743,10.548,0.582,0.000444779,0.6,1.42134,33.19718618,8.745930668,0
49,-0.025479785,13.85612453,12.05965863,13.85612453,9.1878,0.522,0.000407877,0.6,1.33306,32.18933307,8.593607787,0
50,0.007539303,13.71704842,12.06403662,13.71704842,11.0716,0.456,0.000523468,0.6,1.21738,75.24394517,8.461122186,0
51,0.003565022,13.7250288,12.13599347,13.7250288,10.7506,0.554,0.000492652,0.2,1.193266667,73.52914932,8.609748671,0
52,0.018693718,13.10476137,11.61055114,13.10476137,2.985333333,0.593333333,0.000700951,1,1.201,100,8.197092605,0
53,0.007128108,13.70214139,12.1214076,13.70214139,7.4934,0.622,0.000577693,0.4,1.17192,62.76936806,8.664869817,0
54,-0.010277755,13.56331274,12.14687981,13.56331274,8.4566,0.516,0.000548154,0.4,1.18028,29.01684324,8.487725245,0
55,-0.029198976,13.5924795,12.26728063,13.5924795,17.6128,0.42,0.000772799,0.2,1.19608,47.25562503,8.276079133,0
56,-0.024573296,13.35012983,12.03076047,13.35012983,1.28175,0.385,0.000941773,0.25,1.16035,38.09730759,7.939775384,0
57,-0.006206886,13.66537464,12.1594631,13.66537464,-2.8322,0.306,0.001016056,0.6,1.1444,42.96017445,7.976547331,0
58,-0.000524313,13.574035,12.13675472,13.574035,7.459,0.286,0.001094735,0.6,1.00264,36.43765764,7.903341362,0
59,-0.039156758,13.61932899,12.21688894,13.61932899,10.753,0.284,0.001046985,0.2,0.90234,7.433683089,7.896991593,0
60,-0.007691627,13.56984784,12.26031459,13.56984784,3.5022,0.256,0.00130525,0.6,0.90996,48.31724984,7.780499475,0
61,-0.002368787,13.42357846,11.97502292,13.42357846,-4.78375,0.2775,0.001267603,0.75,0.887325,15.96269154,7.636781056,0
62,-0.011385066,13.63993619,12.20320855,13.63993619,-0.1522,0.29,0.001454738,0.2,0.68412,60.47090928,7.887328744,0
63,-0.002163251,13.74031168,12.10819517,13.74031168,1.31,0.324,0.00168932,0.6,0.37548,85.18139271,8.003336311,0
64,0.033312082,13.78463064,12.1144671,13.78463064,1.8744,0.384,0.001428534,0.8,0.46642,27.74445893,8.182005729,0
65,0.026494199,13.73242999,12.14332984,13.73242999,4.029,0.436,0.001299087,0.6,0.62644,71.98801665,8.339295435,0
66,-0.003727463,13.67613124,12.11750369,13.67613124,2.0416,0.364,0.001270041,0.8,0.62212,25.2338062,8.191820328,0
67,-0.003004922,13.49946468,12.19441496,13.49946468,9.6368,0.31,0.001486736,0.2,0.51084,33.65609603,8.043098003,0
68,-0.037384703,13.52754178,12.16261176,13.52754178,3.4424,0.326,0.001499177,0.4,0.43852,27.17674338,8.009223486,0
69,-0.00982256,13.51566953,12.11337605,13.51566953,4.78,0.25,0.001678844,0.4,0.51246,16.23756283,7.786585028,0
70,-0.041921064,13.97718628,12.0180911,13.97718628,1.1408,0.408,0.00128287,0.8,0.53044,16.4399816,8.201498401,1
71,0.010855705,13.70031854,11.99662241,13.70031854,-4.919,0.3,0.001769873,0.2,0.48128,60.67693932,7.842742144,0
72,-0.006488024,13.91414158,12.06942211,13.91414158,2.4682,0.28,0.001989591,0.4,0.45466,82.53898462,7.808014185,1
73,-0.003930053,13.9580365,12.08635962,13.9580365,-1.8628,0.226,0.002472852,0.2,0.32356,16.43844559,7.616721673,1
74,-0.028372525,13.88906766,12.22924703,13.88906766,4.118,0.188,0.002705087,0.2,0.247,67.27525973,7.429170633,1
75,-0.009098182,13.75017278,11.94351236,13.75017278,0.74275,0.185,0.00290203,0.5,0.277375,33.74691241,7.132042176,1
76,-0.011646954,13.98758226,12.1638747,13.98758226,-0.8184,0.254,0.002679747,0.4,0.2536,46.82869311,7.649111503,1
77,-0.033188186,14.02911516,12.1810471,14.02911516,4.3752,0.226,0.002514675,0.2,0.33836,48.37458002,7.517944674,1
78,0.001317059,14.08599484,12.28295961,14.08599484,-0.4434,0.302,0.002769713,0.4,0.51742,81.29420613,7.750791213,1
79,-0.013776742,14.03375493,12.2147598,14.03375493,3.71,0.224,0.003580554,0.2,0.65616,24.87650531,7.485328856,1
80,0.026852799,14.14727387,12.28156965,14.14727387,3.9518,0.376,0.003078436,1,0.65974,100,7.977402089,0
81,0.032546152,14.09335515,12.30144646,14.09335515,6.9444,0.402,0.002702634,0.8,0.696,55.51553793,8.095357819,1
82,-0.002767388,13.93902735,12.36411859,13.93902735,5.9996,0.288,0.002932582,0.2,1.01122,50.81925461,7.760590636,0
83,-0.012571173,13.87322176,12.28481913,13.87322176,7.2594,0.278,0.002764757,0.2,1.10142,60.57310301,7.778504564,1
84,-0.036855548,13.82720788,12.28399619,13.82720788,4.0678,0.176,0.004197805,0.4,0.99104,21.39459498,7.335796941,1
85,-0.00925517,14.00091154,12.27397426,14.00091154,3.6932,0.244,0.003964598,0.6,0.99156,37.19365903,7.63002913,1
86,-0.017916172,14.02916039,12.39515877,14.02916039,7.9968,0.168,0.006904503,0.2,0.9437,41.97201748,7.213886122,1
87,-0.043895716,14.0711879,12.51090309,14.0711879,12.7566,0.196,0.006602693,0.2,0.9483,54.81769929,7.28464943,1
88,-0.019373007,14.37179394,12.43403258,14.37179394,11.7434,0.216,0.006659802,0.4,0.91568,37.08683991,7.354694969,1
89,-0.016493046,14.21369657,12.47497702,14.21369657,12.0064,0.196,0.00859053,0.6,0.841566667,33.3956831,7.243370005,1
90,-0.015155382,13.65829051,12.02381909,13.65829051,9.487,0.236666667,0.008686006,0.333333333,0.7979,29.07484482,6.920543164,1
91,0.055065579,14.43646439,12.50756516,14.43646439,11.944,0.366,0.006027052,0.4,0.79188,81.6007663,7.93529754,0
92,0.011807325,14.59946142,12.52168963,14.59946142,16.825,0.342,0.006610904,0.6,0.726616667,60.10757433,7.936106035,0
93,0.007800187,14.37915764,12.47833012,14.37915764,6.9796,0.256,0.008858518,0.6,0.71504,40.60548685,7.653736816,0
94,0.015117918,14.49673545,12.49660191,14.49673545,3.2866,0.334,0.006807921,0.6,0.77918,51.17194368,7.911258034,0
95,0.010541074,14.51903719,12.42688548,14.51903719,5.229,0.312,0.006408014,0.4,0.62024,63.06290365,7.840128,0
96,0.021679378,14.39187445,12.45266316,14.39187445,5.2984,0.426,0.005585663,1,0.6418,100,8.136225555,0
97,0.025103247,14.34173146,12.58253453,14.34173146,8.9884,0.436,0.005899518,0.6,0.62738,58.28844832,8.194958321,0
98,-0.007071536,14.28877013,12.57889748,14.28877013,6.1504,0.384,0.005721004,0.4,0.65054,54.44605313,8.124123936,0
99,-0.003319266,14.41178279,12.59272863,14.41178279,4.8306,0.456,0.004810031,0.4,0.71926,47.91014578,8.299964612,0
100,-0.013696122,14.28735936,12.62746359,14.28735936,11.1324,0.33,0.005762393,0.4,0.7338,15.50862816,7.998573943,0
101,-0.035275479,14.09456023,12.72109744,14.09456023,13.7388,0.254,0.00719696,0.4,0.730728571,16.01520878,7.725488966,0
102,0.002849844,13.42425008,11.70589018,13.42425008,-0.331,0.305,0.008442946,1,0.74885,100,6.958999572,0
103,0.009320499,14.51059237,12.56499107,14.51059237,2.388,0.29,0.008818382,0.8,0.76366,46.35195931,7.813203442,0
104,0.021888507,14.35390855,12.63317204,14.35390855,8.014,0.31,0.007932888,0.4,0.75754,75.84593048,7.862046749,0
105,0.01165859,14.32785682,12.65313385,14.32785682,7.2924,0.376,0.00661434,0.4,0.76435,59.39138389,8.059835662,0
106,0.027565679,13.67095057,12.22138974,13.67095057,2.638666667,0.426666667,0.006965116,1,0.7544,100,7.776547612,0
107,-0.009184141,14.26532041,12.81694087,14.26532041,-0.7878,0.352,0.006861503,0.2,0.77682,8.587223171,8.09983666,0
108,-0.032045405,14.36045641,12.68582238,14.36045641,-8.5346,0.288,0.007824513,0.4,1.08654,37.21984455,7.846519578,0
109,-0.002071194,14.38033447,12.63238559,14.38033447,-14.7976,0.262,0.009489398,0.4,1.1193,59.61126717,7.773758526,0
110,0.016496327,14.34507884,12.66520174,14.34507884,-6.3682,0.338,0.008066083,0.6,1.20998,73.6095394,7.998966917,0
111,-0.034639184,14.40856996,12.68485946,14.40856996,-9.6364,0.254,0.009619906,0,1.22078,0,7.762923515,0
112,0.00532706,14.50020915,12.61314979,14.50020915,-9.2308,0.258,0.009941737,0.6,1.263,58.80914826,7.741537933,0
113,-0.001854964,14.10032026,12.44358053,14.10032026,-3.60725,0.2075,0.010244912,0.25,1.3126,36.38123151,7.313580322,0
114,-0.035637652,14.2911458,12.81872264,14.2911458,9.1662,0.214,0.010835743,0.2,1.1837,62.40847349,7.513354575,0
115,0.002859605,14.53866595,12.89013367,14.53866595,5.0276,0.246,0.010753626,0.6,1.11554,46.17630135,7.700937822,0
116,-0.011553465,14.60298971,12.96017616,14.60298971,7.4544,0.268,0.011261391,0.6,1.11522,30.76357422,7.783828001,0
117,-0.005414537,14.60347371,12.97612068,14.60347371,13.7112,0.252,0.011701761,0.6,1.1395,17.59711473,7.663139898,0
118,-0.020658137,14.40387761,12.94275334,14.40387761,14.7396,0.184,0.014119868,0.4,1.08372,22.89676,7.342345438,0
119,-0.004745148,14.2985612,13.02541626,14.2985612,19.923,0.19,0.015787111,0.4,1.01306,62.59980717,7.334590413,0
120,0.015285938,14.32692001,12.9819098,14.32692001,4.374,0.23,0.010932818,0.8,0.90784,54.80668312,7.646769307,0
121,-0.020291845,14.36334117,13.01499195,14.36334117,16.5784,0.204,0.012809778,0.2,0.85944,18.2094897,7.465620965,0
122,-0.016189409,14.40277431,13.01597567,14.40277431,15.7694,0.19,0.012513503,0.4,0.73096,33.03890916,7.37936387,0
123,-0.035226557,14.42587649,13.06447576,14.42587649,13.9466,0.2,0.014452434,0.2,0.80832,33.5084206,7.315344796,0
124,0.006266479,14.68774699,13.0210812,14.68774699,13.9894,0.284,0.013530564,0.6,0.86652,76.71373934,7.65035431,0
125,0.033600137,14.86465525,13.04823664,14.86465525,9.794,0.322,0.009839487,0.6,0.87724,38.90045674,7.810312131,0
126,-0.037666198,14.77687064,13.05125183,14.77687064,11.3612,0.24,0.013531704,0.4,0.86952,13.94615539,7.48974741,0
127,0.001874582,14.96325867,12.95214903,14.96325867,11.5232,0.248,0.016402073,0.6,0.765216667,73.0738458,7.538212895,0
128,0.029525034,14.89066041,12.99344533,14.89066041,5.5216,0.252,0.01516094,0.6,0.79982,45.57249116,7.54696884,0
129,0.005095662,14.88347256,13.04551689,14.88347256,9.1262,0.218,0.01806235,0.6,0.81802,67.41738426,7.442891003,0
130,-0.004420507,14.68215338,13.07702076,14.68215338,11.2412,0.236,0.01707934,0.2,0.7271,28.03039033,7.406334217,0
131,-0.017351667,14.70834923,13.07022762,14.70834923,4.5572,0.23,0.019175282,0.8,0.75312,59.53060471,7.414428293,0
132,0.001882362,14.83429687,13.07439927,14.83429687,2.296,0.214,0.020516603,0,0.71632,0,7.33432935,0
133,-0.028035805,14.82183612,13.04452723,14.82183612,1.3078,0.184,0.026769942,0.4,0.70338,27.52721617,7.180435383,0
134,-0.012111221,14.87946791,13.00744399,14.87946791,5.3232,0.158,0.029337566,0.4,0.69824,69.50624317,7.128511984,0
135,-0.017310218,14.66049517,13.08599188,14.66049517,6.653,0.184,0.033316647,0.2,0.69094,55.47588759,7.133870411,0
136,0.016596436,15.04276581,13.11287652,15.04276581,5.048,0.34,0.025748172,0.6,0.70796,72.98416178,7.794699586,0
137,0.044860042,15.0617641,13.05757096,15.0617641,5.8374,0.386,0.023598508,0.6,0.71662,72.20060698,7.923970981,0
138,0.043855638,15.19803457,13.12571974,15.19803457,14.8906,0.45,0.019640542,0.8,0.74298,36.09535327,8.174314074,0
139,0.027595479,15.02442553,13.17445475,15.02442553,11.8652,0.432,0.018956804,0.8,0.70774,69.91430485,8.154175316,0
140,0.032613154,14.02796276,12.30210529,14.02796276,11.9195,0.54,0.019190576,1,0.742075,100,7.47719692,0
141,-0.004094188,15.11933729,13.21296978,15.11933729,4.992,0.432,0.019510771,0.6,0.78572,16.19848564,8.210219561,0
142,0.025568842,15.22182492,13.22621696,15.22182492,10.866,0.52,0.016996017,0.6,0.83712,70.60885458,8.395987806,0
143,0.004360058,15.16952808,13.14953876,15.16952808,8.0238,0.518,0.019907205,0.4,0.85406,43.94392366,8.367773967,0
144,0.034806613,15.13027132,13.18355255,15.13027132,4.7908,0.588,0.020470972,0.8,0.87714,95.95342792,8.542656239,0
145,0.030875583,15.11018868,13.34882302,15.11018868,13.1716,0.588,0.019963366,0.8,0.94916,40.98512067,8.550035916,0
146,-0.037594167,14.97028419,13.34505082,14.97028419,9.507,0.462,0.016131269,0.2,0.87434,26.17168589,8.310454344,0
147,-0.021010795,15.25768442,13.15337743,15.25768442,-1.439,0.418,0.015696816,0.6,0.82402,64.50314352,8.232647529,0
148,-0.00481995,15.33551598,13.16885567,15.33551598,-1.186,0.532,0.013509491,0.4,0.829,48.50437832,8.432819786,0
149,-0.023464764,15.37633138,13.11371811,15.37633138,-2.5638,0.362,0.019520063,0.4,0.84234,18.95553527,8.048213038,0
150,0.012220111,15.2436599,13.16010415,15.2436599,4.468,0.39,0.020847816,0.8,0.88596,43.64859517,8.124123936,0
151,-0.010462973,15.18978826,13.17325229,15.18978826,-1.3724,0.376,0.020856955,0.2,0.94572,20.48,8.06697964,0
152,-0.024853294,14.73099657,12.6357034,14.73099657,1.491666667,0.293333333,0.021622873,0,0.90605,0,7.299486508,0
153,-0.006966197,15.11126158,13.19101032,15.11126158,-5.4852,0.276,0.025300744,0.2,0.93106,63.9873004,7.806403289,0
154,-0.001862635,15.27019858,13.17468634,15.27019858,-3.3922,0.308,0.027903452,0.6,0.90554,71.23759052,7.89231382,0
155,0.002978553,15.19958947,13.1766792,15.19958947,-3.5002,0.348,0.020748109,0.2,0.729085714,58.16924819,7.982877149,0
156,-0.004730976,14.23017786,12.23174039,14.23017786,-8.2755,0.325,0.024371146,1,0.7199,100,7.007301927,0
157,0.025985064,15.19522004,13.26839432,15.19522004,-5.6298,0.332,0.021211488,0.8,0.71748,51.18427902,7.995161682,0
158,-0.005665108,15.23515217,13.32068131,15.23515217,-21.5976,0.358,0.020588924,0.6,0.6864,58.07939655,8.068741247,0
159,0.030282072,15.15253668,13.34501081,15.15253668,-13.6742,0.444,0.01584655,0.8,0.64376,22.28817537,8.274642535,0
160,0.008057491,15.05529249,13.37903454,15.05529249,-13.6512,0.42,0.016642696,0.4,0.62758,65.08038792,8.222451592,0
161,-0.025940423,14.94067162,13.39215232,14.94067162,-3.2466,0.336,0.019098407,0,0.491614286,0,7.970149542,0
162,-0.062973227,13.96883404,12.41883449,13.96883404,-18.754,0.37,0.019081882,0.5,0.3348,16.65792573,7.071310172,0
163,-0.013108644,15.15149798,13.2457414,15.15149798,-13.9618,0.31,0.021777276,0.2,-0.0501,34.2849914,7.860979495,0
164,-0.101350911,15.55504296,13.06740443,15.55504296,-42.1004,0.492,0.016865977,0.4,-0.21076,28.68509868,8.175133776,0
165,0.0148667,15.42455339,12.97179162,15.42455339,-54.5114,0.368,0.026554282,0.8,-0.0124,37.92289939,7.995165053,0
166,0.022183104,15.4034345,13.01947536,15.4034345,-18.8828,0.426,0.029177248,0.4,0.05082,68.05325242,8.11463286,0
167,0.018404383,15.47693523,12.95472076,15.47693523,-16.0774,0.346,0.022670107,0.4,0.12948,33.34292779,8.055878107,0
168,-0.019562587,15.48104672,12.97878165,15.48104672,-26.7352,0.312,0.022741048,0.4,0.0791,72.98878218,7.984810202,0
169,-0.005829438,15.40185649,13.07569097,15.40185649,-14.0012,0.278,0.028253381,0.8,0.2589,27.06181556,7.881031076,0
170,0.033632566,15.41127846,13.09845176,15.41127846,-11.757,0.318,0.024907518,0.6,0.35628,68.73891303,8.03122602,0
171,0.027410873,15.42882276,13.10413016,15.42882276,-2.8924,0.434,0.021660407,0.4,0.4436,66.61378266,8.29403464,0
172,-0.011373354,15.33519858,13.1071076,15.33519858,-0.629,0.32,0.022854771,0.2,0.41942,71.0364802,8.015284361,0
173,0.006736242,15.31177596,13.09250399,15.31177596,-3.7148,0.372,0.018439548,0.4,0.42058,75.00347547,8.15046214,0
174,0.008536219,15.09397385,13.05294899,15.09397385,-1.4524,0.37,0.019146795,0.6,0.46304,74.73198794,8.126435399,0
175,0.055683785,15.18488483,13.14733302,15.18488483,-1.1898,0.712,0.015950166,0.8,0.46582,66.85262523,8.740607106,0
176,-0.010314974,14.69144044,12.6234795,14.69144044,6.259333333,0.453333333,0.018598929,0.333333333,0.52435,14.41992329,7.861341796,0
177,-0.009856764,15.12835696,13.06278533,15.12835696,3.3566,0.41,0.015934239,0.4,0.528733333,46.20768628,8.336577379,0
178,-0.007722429,13.11333474,11.3576041,13.11333474,0.563,0.29,0.018802167,1,0.5948,100,6.413295009,0
179,0.015810606,14.85347825,12.77205952,14.85347825,-0.30475,0.4175,0.014289987,0.75,0.5982,53.49410675,8.13633679,0
180,-0.005176775,15.09164345,13.03284996,15.09164345,-4.8028,0.398,0.014399893,0.4,0.64212,29.80118318,8.282035256,0
181,-0.006558481,15.17824659,13.1100276,15.17824659,-1.5148,0.396,0.015112651,0.2,0.64076,63.79481037,8.2430905,0
182,-0.016771812,15.2101448,13.10686185,15.2101448,-1.6312,0.398,0.019102477,0.6,0.44896,49.17145094,8.167048309,0
183,-0.010070715,15.11215042,13.16975256,15.11215042,2.1024,0.278,0.022750723,0.2,0.37976,14.16818036,7.882088478,0
184,-0.016230454,15.21803377,13.17303558,15.21803377,-2.408,0.294,0.02282296,0.8,0.37344,31.32699556,7.939864451,0
185,0.041881913,15.15310484,13.17600461,15.15310484,1.7866,0.41,0.017939622,0.4,0.40814,75.75036685,8.314952152,0
186,0.002182541,15.12556622,13.26642043,15.12556622,8.04,0.344,0.018407358,0.4,0.32288,87.53457331,8.121625938,0
187,0.017096113,15.15187858,13.3297986,15.15187858,12.1618,0.428,0.017586241,0.4,0.25108,66.27785249,8.337094762,0
188,-0.011989102,14.93717183,13.38560725,14.93717183,7.5178,0.284,0.020354916,0.2,0.37194,16.9263187,7.925685211,0
189,-0.035968481,15.06016013,13.37941509,15.06016013,9.8258,0.256,0.02203404,0.2,0.3272,2.561147394,7.840312983,0
190,-0.016314696,15.1643891,13.33616584,15.1643891,20.8856,0.232,0.018670933,0.8,0.36928,29.04175326,7.743235008,0
191,0.006734148,14.77441164,13.1243993,14.77441164,15.28975,0.2525,0.016220198,0.25,0.40445,67.94348416,7.649378289,1
192,-0.041008324,15.09281979,13.34331092,15.09281979,3.2758,0.262,0.016337477,0.2,0.50804,14.82773659,7.844660074,1
193,-0.010627858,15.10261312,13.31227274,15.10261312,7.6404,0.246,0.017987154,0.4,0.72368,40.60070151,7.761212702,0
194,0.008798557,15.03595574,13.28385108,15.03595574,13.3668,0.26,0.014020479,0.6,0.806666667,71.44740434,7.854924331,0
195,-0.001828158,14.5731511,13.05106929,14.5731511,7.74875,0.2625,0.012144816,0.5,0.87135,17.71717051,7.626462988,0
196,-0.00434798,13.11852,11.6879874,13.11852,2.117,0.24,0.012567748,1,0.87995,100,6.206515441,0
197,0.02766401,14.91017272,13.28613732,14.91017272,-7.1742,0.406,0.009217274,0.8,1.03392,66.9605516,8.292157852,0
198,0.005256899,15.02506983,13.29103216,15.02506983,-2.175,0.44,0.009469909,0.4,1.21462,46.29989197,8.354674262,0
199,-0.055757122,15.13964091,13.31069683,15.13964091,-9.1804,0.412,0.009431352,0.4,1.34682,28.24609774,8.264497238,0
200,-0.002886913,15.18352282,13.35704649,15.18352282,-17.7622,0.336,0.012189936,0.4,1.45394,49.93320739,8.039021897,0
201,-0.032892993,15.20724659,13.38334361,15.20724659,-28.2302,0.314,0.017337167,0.6,1.4089,24.36100041,7.955933553,0
202,0.013468729,15.28502573,13.35555389,15.28502573,-12.7212,0.328,0.016015258,0.4,1.55776,71.11536391,8.004886471,0
203,0.014258886,15.19899021,13.31326304,15.19899021,-18.7026,0.376,0.014294704,0.2,1.66038,74.28278581,8.07454633,0
204,0.008181636,15.12083833,13.35534636,15.12083833,-3.2454,0.276,0.019560003,0.6,1.60324,63.12036755,7.824697798,0
205,0.043044127,14.95870321,13.2137203,14.95870321,5.00925,0.445,0.015551651,0.75,1.4,90.48414537,8.115652373,0
206,-0.009415453,15.13108305,13.42115303,15.13108305,2.9432,0.27,0.018365276,0.2,1.177,19.92130337,7.868747829,0
207,-0.025843383,15.13529058,13.40288638,15.13529058,-5.6022,0.256,0.018275437,0.2,1.08608,36.58274897,7.797365223,0
208,-0.014465351,14.35406438,12.90892508,14.35406438,-0.232666667,0.246666667,0.020366926,0.666666667,1.010875,26.49769585,7.178102975,0
209,-0.003683497,15.08869977,13.47604384,15.08869977,-1.5442,0.23,0.021596178,0.2,0.96332,11.8189958,7.609267376,0
210,0.006067731,15.02376737,13.50666886,15.02376737,-7.8628,0.272,0.021007751,0.4,0.80072,66.69028073,7.739176339,0
211,-0.018957559,15.10864797,13.54007058,15.10864797,-14.1002,0.196,0.022916778,0.6,0.81808,41.60430944,7.453602427,0
212,0.017787827,15.03196158,13.58089521,15.03196158,-3.7672,0.204,0.018615712,0.6,0.846,47.40116457,7.583171186,0
213,-0.008479568,14.74928869,13.40648462,14.74928869,-5.9775,0.185,0.020397452,0.25,1.0001,60.31334414,7.23608013,0
214,0.008405253,15.17007351,13.65534533,15.17007351,-4.2734,0.222,0.019070174,0.4,1.0777,90.01102124,7.630810715,0
215,0.002097273,14.93706889,13.72966614,14.93706889,0.3592,0.246,0.017987801,0.4,0.97474,37.00515516,7.728164868,0
216,-0.011918114,14.92917466,13.69253808,14.92917466,-10.4472,0.206,0.01753768,0.6,0.8263,56.66765911,7.579821816,0
217,0.013807458,14.91124304,13.67239625,14.91124304,-10.3662,0.268,0.013767522,0.6,0.88918,90.81514132,7.853616464,0
218,-0.006870582,14.80167319,13.67418199,14.80167319,-12.5456,0.268,0.013937659,0.4,0.94102,25.93661542,7.844417104,0
219,0.006185644,14.90937861,13.60375689,14.90937861,-7.7228,0.326,0.014896789,0.6,0.88818,55.8952467,7.958618861,0
220,0.022811475,15.05640856,13.623152,15.05640856,-0.979,0.414,0.016696412,1,0.72994,100,8.204330054,0
221,0.05840858,15.29627429,13.71603823,15.29627429,11.414,0.64,0.015506684,0.6,0.64182,68.63576425,8.630659367,0
222,0.006416115,15.34841639,13.75859835,15.34841639,4.523,0.518,0.016940129,0.4,0.51482,60.84484027,8.439772044,0
223,0.001559507,15.29249764,13.69087661,15.29249764,5.9836,0.458,0.015312606,0.6,0.52782,56.44525171,8.357662733,0
224,0.002892204,15.08669565,13.62401828,15.08669565,1.3844,0.488,0.013698298,0.6,0.45684,45.06325952,8.438368575,0
225,-0.011738959,14.99373469,13.63809415,14.99373469,11.937,0.37,0.015348427,0.4,0.4481,44.28147102,8.175609514,0
226,0.030511155,15.20598766,13.70758565,15.20598766,8.0604,0.536,0.011771374,1,0.45466,100,8.585899889,0
227,0.010621801,15.03232002,13.54014433,15.03232002,4.18275,0.5575,0.011838198,0.25,0.501875,63.40598721,8.364268094,0
228,-0.009114617,15.3513861,13.73876665,15.3513861,4.689,0.616,0.011811823,0.6,0.43134,32.8829662,8.590672252,0
229,0.006779016,15.36055884,13.75313609,15.36055884,14.4776,0.534,0.011662447,0.6,0.25305,45.13985639,8.50143366,0
230,0.008527824,14.03141839,12.83705715,14.03141839,4.8065,0.56,0.010683617,1,0.20095,100,7.665617528,0
231,0.008897361,14.60936243,13.21430243,14.60936243,0.424333333,0.636666667,0.010454844,0.666666667,0.2371,50.51795298,8.18640318,0
232,-0.011165435,15.40603024,13.65145869,15.40603024,-1.6618,0.644,0.011486858,0.2,0.23002,62.04072856,8.656963829,0
233,-0.009783722,15.13665635,13.69526086,15.13665635,6.123,0.426,0.013995513,0.2,0.26878,44.785673,8.307370522,0
234,0.01092656,15.34376553,13.73650956,15.34376553,8.6162,0.716,0.010841924,0.8,0.35454,61.45363872,8.718974179,0
235,0.023686824,15.30537566,13.78283653,15.30537566,2.7224,0.91,0.011988899,0.6,0.37908,26.7378147,8.920707064,0
236,0.023341113,15.6309999,13.80744915,15.6309999,-6.4206,1.046,0.013222558,0.6,0.32952,75.57057564,9.158727026,0
237,-0.00296218,15.48385963,13.82891432,15.48385963,8.6212,0.638,0.01554663,0.2,0.42152,80.82364941,8.743373726,0
238,0.069054283,15.64623157,13.8826775,15.64623157,20.8108,1.296,0.009506749,1,0.39374,100,9.474709548,0
239,0.096798039,16.12390484,13.90857367,16.12390484,35.9326,2.004,0.008548467,1,0.51906,100,9.967923725,0
240,0.064240035,16.2385848,13.96321048,16.2385848,33.1642,2.066,0.007999248,0.6,0.50142,47.74271758,10.09657841,0
241,0.055350572,16.02466085,13.99377389,16.02466085,86.1356,1.74,0.008964051,0.8,0.37232,77.71169221,9.96733521,0
242,-0.012138393,16.07101945,13.87421899,16.07101945,20.8704,1.806,0.010155876,0.6,0.2913,47.95141591,9.914769669,0
243,0.043505585,15.52091789,13.34334459,15.52091789,34.562,1.703333333,0.011098566,1,0.377975,100,9.475258296,0
244,0.027894388,15.96253353,13.95389155,15.96253353,9.8056,1.702,0.011181182,0.4,0.3966,62.96538148,10.0002308,0
245,-0.008843618,15.83696712,13.92004894,15.83696712,30.5788,1.084,0.013353503,0.6,0.33102,66.48280613,9.6059935,0
246,-0.028719748,15.90612853,13.89752363,15.90612853,-4.9614,1.398,0.008928263,0.8,0.27136,16.20429153,9.841735545,0
247,0.01329071,15.80048083,13.89400098,15.80048083,4.6746,1.066,0.01105657,0.2,0.32056,45.51437978,9.571645978,0
248,-0.040685537,15.82207329,13.95033686,15.82207329,14.3322,0.942,0.010816183,0.2,0.31402,61.91010299,9.427811063,0
249,0.013960012,15.72500595,14.01046037,15.72500595,16.542,0.764,0.01100946,1,0.288766667,100,9.252876736,0
250,0.0328942,14.37769846,13.07869149,14.37769846,40.4975,0.76,0.009213686,1,0.27015,100,8.383106216,0
251,0.00313001,14.95688791,13.47449381,14.95688791,23.24433333,0.943333333,0.009419647,0.666666667,0.3251,51.91064534,8.940380333,0
252,-0.007713342,15.63001847,14.0090193,15.63001847,12.1898,1.016,0.007620277,0.4,0.38848,34.58548699,9.568597164,0
253,0.009762217,15.69678755,14.03419699,15.69678755,11.137,1.03,0.007186216,0.8,0.3386,69.50789923,9.531292797,0
254,0.065926975,15.7904211,14.04391863,15.7904211,4.8878,1.688,0.00568666,0.8,0.38574,91.7571787,10.04570257,0
255,0.039269935,15.84243398,14.00493516,15.84243398,4.397,1.714,0.006087709,0.8,0.35454,46.12473328,10.11627001,0
256,0.038688722,15.95527597,13.97078803,15.95527597,10.5618,1.684,0.006854192,0.8,0.42306,61.4564086,10.14820236,0
257,0.035827835,15.71308154,13.69216596,15.71308154,-17.95025,1.885,0.006639643,0.75,0.554625,67.26659277,10.078586,0
258,0.04672787,15.9989518,13.87438589,15.9989518,7.1496,2.094,0.006228117,0.8,0.54164,57.28667315,10.34049816,0
259,0.041520069,15.92528572,13.82061451,15.92528572,1.954,2.406,0.005583142,0.6,0.44622,56.48365254,10.56310018,0
260,0.021014705,15.59091925,13.55730444,15.59091925,-2.46625,2.1575,0.00619275,0.5,0.496525,60.37954716,10.25430181,0
261,-0.035344937,15.85705265,13.88222296,15.85705265,7.1604,1.632,0.006100379,0.4,0.65488,37.33525084,10.20017446,0
262,0.011282849,15.83512845,13.74174022,15.83512845,-42.2874,1.602,0.005574439,0.4,0.88798,68.57112798,10.24023761,0
263,0.031197784,15.85654879,13.88018157,15.85654879,29.3616,1.528,0.004930661,0.8,1.11878,68.96144011,10.2301789,0
264,0.062989431,15.97361239,13.94703431,15.97361239,81.2234,2.17,0.004230719,0.6,1.39226,31.73036208,10.557484,0
265,0.023805954,16.0754232,13.88464009,16.0754232,76.5986,2.024,0.003905415,0.8,1.6238,84.80222313,10.47974945,0
266,0.012271304,15.94966647,13.57625668,15.94966647,-24.4458,2.192,0.004677657,0.4,1.73516,82.83475343,10.56803899,1
267,-0.06143439,16.08456182,13.64206985,16.08456182,-14.324,1.742,0.004256595,0.2,1.83128,27.71616861,10.33620654,1
268,-0.080828337,15.97884404,13.4006449,15.97884404,-80.082,1.83,0.003927862,0.5,1.775725,30.88595371,10.08812434,1
269,-0.113649892,16.42242427,13.50250384,16.42242427,-79.0162,2.046,0.002910894,0.2,1.7492,60.60737875,10.36568454,1
270,-0.067492064,15.64147176,13.40438697,15.64147176,-83.272,2.512,0.002486874,0.6,1.50768,52.49623249,10.43689635,1
271,0.036725889,16.14983964,13.02206337,16.14983964,-108.9544,1.756,0.002346298,0.6,1.18776,44.10053644,10.17217257,1
272,0.008279362,16.11006368,13.0004556,16.11006368,-170.1324,1.49,0.002503788,0.6,1.13194,46.37605965,10.07613623,1
273,-0.082568302,16.18917489,13.08612047,16.18917489,-144.3828,1.302,0.002810843,0.4,1.20838,27.36098031,9.907757922,1
274,0.020863222,15.97040842,13.09753776,15.97040842,-104.6574,0.852,0.004026016,0.6,1.23204,54.21183795,9.482776818,1
275,0.05994882,16.09529252,13.17708828,16.09529252,-58.2326,1.18,0.002740855,0.4,1.30358,83.50284213,9.808332011,1
276,-0.07182191,16.25710548,13.16612568,16.25710548,-100.642,1.092,0.003192528,0.4,1.26406,15.09083824,9.705495655,1
277,-0.222282741,16.0017999,13.06443973,16.0017999,-193.8954,1.2,0.00392343,0.4,1.20152,45.71820532,9.591516203,1
278,0.009054705,14.39922729,12.23932365,14.39922729,-353.1503333,1.39,0.004212146,0.666666667,1.06385,75.8677686,9.21730109,1
279,0.083543278,11.87969132,12.42730637,11.87969132,-63.6324,0.71,0.005283994,0.4,1.06316,57.13678736,9.156135475,1
280,-0.033277407,11.80159455,12.26817852,11.80159455,-79.2568,0.666,0.005240213,0.4,1.0552,49.02029992,9.050700822,1
281,0.006069477,11.36295105,12.16707711,11.36295105,-99.251,0.52,0.005011759,0.6,1.00894,36.1776837,8.872241814,1
282,-0.021615833,10.6732948,11.67474665,10.6732948,-90.118,0.336666667,0.007024563,0.666666667,0.9704,21.44863576,7.939447546,1
283,0.045249969,10.43611381,11.30641777,10.43611381,-55.89895,0.545,0.004874281,1,0.898933333,100,8.035447291,1
284,0.04970056,11.57385122,12.21292909,11.57385122,-35.30568,0.756,0.003491823,0.6,0.7924,79.06281187,9.275544609,0
285,-0.004126754,11.40792044,12.21851492,11.40792044,-121.66284,0.88,0.002988797,0.8,0.70274,25.31636043,9.456378237,0
286,0.009815429,11.34397413,12.29616469,11.34397413,-106.68914,0.7,0.003297304,0.8,0.66298,10.17634432,9.275383453,0
287,0.029782336,11.49516874,12.31349553,11.49516874,-61.42726,0.952,0.003233837,0.6,0.70892,76.1168478,9.582979212,0
288,0.058718564,11.37587933,12.29421172,11.37587933,-42.48092,1.086,0.002539151,0.4,0.7037,42.92362708,9.76162959,0
289,-0.019859965,11.55667437,12.2504818,11.55667437,-64.28904,0.786,0.003183475,0.4,0.63204,70.23046735,9.467780224,0
290,-0.018959054,11.35558136,12.21909252,11.35558136,-97.21034,0.71,0.003002656,0.4,0.56892,14.72129729,9.351680199,0
291,-0.004369548,11.45897601,12.24642253,11.45897601,-53.35068,0.728,0.003533154,0.8,0.49988,40.13640937,9.297243493,0
292,-0.00487879,11.39290242,12.2364612,11.39290242,-45.06172,0.486,0.004186037,0.4,0.54348,27.11489462,8.978065255,0
293,0.027600689,11.64464647,12.11941393,11.64464647,-32.03024,0.614,0.00378877,0.6,0.59852,82.71136037,9.235062252,0
294,0.029440742,11.26900506,12.07680074,11.26900506,-54.09634,0.724,0.00371145,0.6,0.50686,62.3593854,9.388831268,0
295,-0.033883046,11.04154489,11.90805063,11.04154489,-71.8215,0.48,0.004044528,0.5,0.521675,20.596269,8.781431084,0
296,-0.086353513,11.34604409,12.14613154,11.34604409,-58.12024,0.54,0.005751557,0.6,0.5524,15.34222392,8.92739639,0
297,-0.06873013,11.83177185,12.15043308,11.83177185,-34.14806,0.562,0.00412662,0.4,0.5096,28.68111693,8.901167688,0
298,-0.027749665,11.61724043,12.19522907,11.61724043,-84.00802,0.464,0.004419368,0.6,0.51106,39.09488397,8.723265454,1
299,-0.051737062,11.6277352,12.31482839,11.6277352,-53.63856,0.456,0.004714056,0.4,0.56976,37.00749074,8.603651582,0
300,0.010719009,11.53838851,12.316258,11.53838851,-14.31384,0.348,0.00504398,0.4,0.570316667,64.75531841,8.332021978,0
301,0.017988111,11.65487631,12.28685969,11.65487631,-39.54906,0.432,0.004336182,0.4,0.5667,85.85548621,8.555128463,0
302,-0.008285875,11.61257169,12.32355786,11.61257169,-70.67136,0.518,0.00379137,0.6,0.7007,26.10612919,8.745290851,0
303,-0.007308589,11.75734507,12.38667606,11.75734507,-57.72088,0.668,0.004006422,0.8,0.6896,43.3992495,8.941134557,0
304,0.028272375,11.71941917,12.37247229,11.71941917,-34.0899,0.434,0.005650524,0.6,0.79782,11.77376481,8.54751675,0
305,0.012988559,11.93453947,12.34489502,11.93453947,-36.65394,0.54,0.004403378,1,0.78892,100,8.850220931,0
306,0.036161857,11.511965,12.36349938,11.511965,-36.5175,0.616,0.003051006,0.6,0.8076,47.03267001,9.087322659,0
307,-0.005483818,11.58131282,12.37941652,11.58131282,-27.99922,0.456,0.003692569,0.6,0.8005,48.02170402,8.783745596,0
308,0.015777392,11.33063591,12.19472854,11.33063591,-14.65735,0.49,0.003493041,0.25,0.82795,61.86565827,8.591738354,0
309,0.004865888,11.84054434,12.37526675,11.84054434,-21.31318,0.512,0.003689788,0.6,0.80204,81.62287474,8.806811887,0
310,-0.024836264,11.50964007,12.35217531,11.50964007,-45.61738,0.428,0.004462819,0.4,0.77352,22.97252516,8.630564733,0
311,-0.006980742,11.32522145,12.35309081,11.32522145,-35.76704,0.26,0.006104437,0.2,0.71788,66.0059291,8.199497173,0
312,0.012127675,11.13498311,12.14276004,11.13498311,-24.51885,0.3775,0.004396684,0.5,0.6716,41.13792832,8.335052418,0
313,-0.0381183,11.42151168,12.32871939,11.42151168,-27.68174,0.318,0.006124365,0.6,0.66594,16.97792305,8.308083207,0
314,0.001743405,11.60243705,12.27018764,11.60243705,-23.85754,0.266,0.00590137,0.4,0.7099,62.26569387,8.194383989,0
315,-0.007757175,11.20445548,12.23589355,11.20445548,-36.78288,0.238,0.00581326,0.4,0.71296,41.3948809,8.071274771,0
316,0.031646402,11.33436084,12.26244353,11.33436084,-22.6483,0.408,0.004255847,0.8,0.75196,79.02661117,8.665651127,0
317,0.008636933,10.62948907,11.71613566,10.62948907,-18.14276667,0.3,0.004520663,0,0.737975,0,7.964054879,0
318,-0.034256446,11.61569864,12.15864555,11.61569864,-43.86498,0.338,0.004463603,0.6,0.70842,26.85113277,8.497667806,0
319,-0.00043304,11.2722542,12.17048692,11.2722542,-61.92504,0.316,0.004491299,0.4,0.6974,41.57226665,8.442320927,0
320,0.016751116,11.1092787,12.22244784,11.1092787,-44.25134,0.348,0.004411559,1,0.58992,100,8.5774714,0
321,0.024782015,11.2096017,12.26688078,11.2096017,-29.4234,0.48,0.004555441,0.6,0.56666,62.98878585,8.84300596,0
322,0.019439636,11.57452843,12.25463898,11.57452843,-23.32428,0.558,0.004708552,0.6,0.60824,90.16069893,8.982189304,0
323,-0.009628941,11.08614989,12.2705346,11.08614989,-36.98924,0.354,0.005837854,0.2,0.6083,47.46920131,8.59995773,0
324,-0.003735007,11.23403133,12.33888003,11.23403133,-32.59662,0.408,0.00605331,0.6,0.58794,31.51560925,8.738371613,0
325,-0.008054477,11.04907884,12.35444093,11.04907884,-22.63364,0.298,0.00838744,0.8,0.60352,20.68995264,8.36768107,0
326,0.022627883,11.16816498,12.35490636,11.16816498,-9.33992,0.386,0.007943874,0.6,0.59468,76.08830994,8.632430768,0
327,0.034679111,11.58806077,12.36771094,11.58806077,-17.32428,0.652,0.005602398,0.4,0.62472,83.79014821,9.170809211,0
328,-0.017292259,11.10742036,12.36014904,11.10742036,-24.95002,0.368,0.007386213,0.2,0.67306,24.23421255,8.587670294,0
329,-0.003399753,11.10402446,12.38180169,11.10402446,-23.89062,0.32,0.00863683,0.8,0.68588,24.06865567,8.470200112,0
330,0.009201145,11.24015828,12.37936607,11.24015828,-12.98628,0.346,0.007968829,0.4,0.69556,63.500964,8.517655085,0
331,-0.029502565,11.09376703,11.8008675,11.09376703,-31.2224,0.346666667,0.0084264,0,0.704425,0,7.976255379,0
332,0.00389394,10.94831221,12.22359817,10.94831221,-35.5503,0.24,0.010007883,0.6,0.642,64.65862069,8.178358166,0
333,-0.002314716,10.86610828,12.26434155,10.86610828,-10.1602,0.218,0.010436558,0.6,0.63686,30.45797597,8.046305972,0
334,0.020071338,10.94043718,12.27978768,10.94043718,-8.58594,0.318,0.008400117,0.8,0.6159,69.29717715,8.322680828,0
335,0.001310934,11.38877847,12.26041404,11.38877847,-14.83924,0.378,0.007950706,0.6,0.6074,52.56414365,8.473813763,0
336,0.010486084,10.85143198,12.2647047,10.85143198,-22.8508,0.424,0.007632459,0.2,0.6333,85.30450293,8.622270067,0
337,0.000408046,10.87441797,12.2801499,10.87441797,-15.94832,0.37,0.007450865,0.4,0.66902,66.89692641,8.544748045,0
338,0.01102597,11.02057806,12.29987259,11.02057806,-7.1194,0.536,0.006824487,0.8,0.67828,52.88769258,8.80780098,0
339,0.012957871,11.29106859,12.27420315,11.29106859,-14.18008,0.564,0.006947782,0.4,0.74278,60.28291008,8.869859311,0
340,0.013578265,10.93724127,12.23981202,10.93724127,-17.60836,0.616,0.00692653,1,0.71298,100,9.009378968,0
341,0.023798412,11.10805018,12.21755645,11.10805018,-1.62256,0.792,0.007513421,0.6,0.63816,42.81899544,9.270724024,0
342,-0.024249219,11.13677641,12.1994105,11.13677641,-13.95018,0.534,0.009448519,0.4,0.64654,44.40463955,8.858011684,0
343,-0.031249057,11.41013941,12.20072839,11.41013941,-22.6849,0.524,0.008136979,0.2,0.67962,12.74487143,8.808998253,0
344,-0.01843176,10.77482276,12.18611481,10.77482276,-31.97078,0.382,0.008922875,0.2,0.30242,63.45176217,8.461612826,0
345,-0.001860782,10.74787404,12.21244232,10.74787404,-23.82402,0.308,0.009468347,0.4,0.29426,62.27985494,8.293459466,0
346,0.017204193,10.59950561,12.00319117,10.59950561,-13.59865,0.36,0.00808196,0.5,0.4495,73.825785,8.210363637,0
347,-0.005200613,10.89338184,12.26774143,10.89338184,-13.28094,0.344,0.009455578,0.4,0.5291,37.51529128,8.335162792,0
348,0.000541116,11.38667039,12.22141436,11.38667039,-6.50906,0.35,0.01064108,0.6,0.625433333,74.21607701,8.385716829,0
349,0.010669104,10.42682458,11.92675549,10.42682458,-10.049125,0.2725,0.010854165,1,0.7098,100,7.906602479,0
350,-0.001800582,9.014325488,10.55867323,9.014325488,-7.4923,0.22,0.012642997,0,0.74265,0,6.347634363,0
351,0.004161718,10.87005306,12.17536083,10.87005306,-15.3914,0.35,0.008702935,0.8,0.7365,65.26286008,8.412008216,0
352,0.011667064,11.17571696,12.14768583,11.17571696,-20.67346,0.462,0.008655408,0.4,0.71392,64.91736499,8.64535067,0
353,0.014126157,11.31852728,12.32504164,11.31852728,-19.14952,0.446,0.008696716,0.8,0.659,51.1556727,8.650009328,0
354,-0.010532042,11.31255806,12.39642851,11.31255806,-21.24596,0.366,0.008871623,0.4,0.66396,23.94248222,8.488822523,0
355,-0.001099107,11.3407364,12.42134933,11.3407364,-21.72144,0.322,0.009642433,0.6,0.68686,40.02557706,8.41414112,0
356,0.006925203,11.69219236,12.42270706,11.69219236,-18.30934,0.37,0.009187488,0.6,0.60844,49.71107823,8.603238769,0
357,-0.001337,11.4027199,12.44760213,11.4027199,-25.2775,0.408,0.008694807,0.8,0.45154,47.96643614,8.697395838,0
358,0.003855001,11.38799696,12.47943772,11.38799696,-9.64892,0.408,0.008728105,0.2,0.42395,59.34994311,8.629843075,0
359,0.016022293,10.88939763,11.9455387,10.88939763,-4.5345,0.57,0.007852359,1,0.409766667,100,8.412998662,0
360,-0.002748551,11.37629212,12.45142377,11.37629212,-8.95532,0.612,0.008218561,0.4,0.41776,34.98258914,9.001014663,0
361,-0.013262153,11.69025961,12.39972971,11.69025961,-11.81906,0.458,0.010041589,0.4,0.41268,43.56696391,8.743389678,0
362,-0.008846628,11.38637536,12.35975036,11.38637536,-19.61788,0.44,0.010990337,0.6,0.40416,19.52111004,8.716152241,0
363,-0.010035101,11.01744812,12.15246088,11.01744812,-19.66035,0.4,0.011417199,0,0.35605,0,8.352179388,0
364,-0.013135795,11.41666784,12.37155742,11.41666784,-15.41404,0.4,0.012733969,0.4,0.44042,61.45840942,8.563517461,0
365,0.016095685,11.52372692,12.2994628,11.52372692,-10.91406,0.358,0.012297817,0.6,0.32226,51.68877193,8.480608042,0
366,0.009819049,11.46651497,12.27788155,11.46651497,-14.57844,0.424,0.012834616,0.6,0.275183333,91.22074459,8.644053129,0
367,0.015438411,10.78779214,11.74134308,10.78779214,-8.443366667,0.386666667,0.012822493,0.666666667,0.266633333,43.51457175,8.086130236,0
368,0.011014719,11.31189804,12.24028082,11.31189804,-4.01122,0.352,0.012108575,0.8,0.20946,60.20061548,8.559110266,0
369,0.003197137,11.56627664,12.19931486,11.56627664,-14.10184,0.328,0.011481184,0.2,-0.05968,32.55398805,8.547790289,0
370,0.005564882,11.39949917,12.17927169,11.39949917,-26.74798,0.39,0.011007621,0.8,-0.0949,79.50742435,8.727943462,0
371,0.024934734,11.28186314,12.21051775,11.28186314,-21.67986,0.398,0.012110852,0.6,0.12624,61.89133411,8.752371237,0
372,-0.005626188,11.27602522,12.21167691,11.27602522,-26.50718,0.384,0.010469475,0.4,0.25392,54.13311213,8.727808997,0
373,0.010904228,11.39211284,12.22098096,11.39211284,-12.1467,0.472,0.010544547,0.6,0.22474,74.20481075,8.849404936,0
374,0.009770489,11.61257169,12.21176143,11.61257169,-8.91334,0.596,0.009836274,0.6,0.21436,48.86765074,9.044027195,0
375,0.001534588,11.23421635,12.20589263,11.23421635,-16.34042,0.516,0.00983248,0.6,0.27418,35.45313088,8.884888586,0
376,0.005996842,11.18833041,12.22085288,11.18833041,-14.4629,0.618,0.008651828,0.4,0.35052,53.66455586,9.055273606,0
377,-0.008407849,11.27670934,12.23043838,11.27670934,-15.42456,0.53,0.009242405,0.4,0.42084,30.33345086,8.89170825,0
378,-8.66E-05,11.43366578,12.20105005,11.43366578,-14.70244,0.42,0.009830063,0.8,0.33786,81.54939107,8.783250628,0
379,0.012885778,11.12890869,12.17279504,11.12890869,-13.11614,0.42,0.010453573,0.8,0.3402,51.89346053,8.760228778,0
380,0.024752302,11.19800922,12.19759178,11.19800922,3.80378,0.594,0.008194858,0.4,0.3276,80.12111034,9.106655119,0
381,0.000479471,11.18013444,12.21009953,11.18013444,-3.11468,0.504,0.008001884,0.4,0.24762,56.1461217,8.946747153,0
382,-0.001000897,11.5199408,12.18253274,11.5199408,1.15252,0.476,0.007792848,0.6,0.26062,48.42509112,8.942777217,0
383,0.000907105,11.22565664,12.20079374,11.22565664,-0.52844,0.43,0.008644063,0.4,0.2425,67.88148596,8.862065761,0
384,-0.003936746,11.00595905,12.20325869,11.00595905,-0.7226,0.362,0.009766025,0.8,0.24515,19.00139541,8.662190103,0
385,0.021621513,11.13782466,12.23657275,11.13782466,4.85732,0.424,0.008618231,1,0.27944,100,8.870011107,0
386,0.002699471,11.3880876,12.19916887,11.3880876,-8.59582,0.382,0.010309379,0.2,0.30822,83.12811166,8.718781284,0
387,0.013409269,11.04573388,12.21277513,11.04573388,-6.49704,0.41,0.010642307,1,0.34434,100,8.780721394,0
388,0.002897532,11.26662843,12.27085801,11.26662843,-19.0188,0.514,0.009923371,0.2,0.38924,6.43655339,9.003300212,0
389,0.019499419,11.27910007,12.27026736,11.27910007,-2.23056,0.544,0.009418686,0.8,0.38762,83.40403664,9.118192188,0
390,0.011130059,11.50463116,12.26297742,11.50463116,0.00862,0.578,0.009167894,0.6,0.33518,43.70045019,9.219569651,0
391,0.01379826,11.51428454,12.25160991,11.51428454,3.2997,0.642,0.010029111,0.8,0.2787,17.8138767,9.323346684,0
392,-0.036821541,11.52071505,12.24307455,11.52071505,-20.79194,0.454,0.011844801,0.2,0.18522,17.35292576,8.943935656,0
393,-0.00544857,11.48867376,12.22575762,11.48867376,-19.69694,0.43,0.011706875,0.6,0.1205,41.76693969,8.885576524,0
394,0.00886251,11.69016748,12.19467291,11.69016748,-2.84322,0.336,0.012924802,0.4,-0.03902,55.05008596,8.733205778,0
395,0.003996297,11.3335715,12.18222043,11.3335715,7.0885,0.324,0.013419278,0.6,-0.05764,77.19150335,8.694135305,0
396,-0.001475679,11.32174075,12.19456165,11.32174075,8.61554,0.388,0.012000216,0.6,-0.05332,31.36283304,8.802484909,0
397,0.02243321,11.07924605,11.95313977,11.07924605,10.810975,0.5575,0.009809447,1,0.18875,100,8.914436594,0
398,0.01795101,11.29938565,12.20533738,11.29938565,4.58846,0.542,0.010351913,0.8,0.38518,90.85321148,9.139104272,0
399,0.014927907,11.71700036,12.229291,11.71700036,7.6319,0.72,0.009873358,0.8,0.4213,63.07050465,9.418700789,0
400,0.027900185,11.42969602,12.22389292,11.42969602,14.94508,0.752,0.009905996,0.8,0.4464,54.8848496,9.43283011,0
401,-0.025754954,11.59574892,12.2654777,11.59574892,4.29016,0.63,0.010125492,0.4,0.41884,30.37164318,9.275780674,1
402,-0.057179882,11.86082502,12.28436151,11.86082502,-28.28582,0.734,0.01000343,0.2,0.545666667,2.618269977,9.396088551,1
403,-0.03258562,11.20088239,11.70304983,11.20088239,-23.36613333,0.386666667,0.014555084,1,0.5778,100,8.262164158,1
404,0.032719375,10.54854682,11.22640272,10.54854682,-24.41105,0.395,0.015553547,1,0.5826,100,7.888071901,1
405,0.00048038,11.55573588,12.2016328,11.55573588,-13.8776,0.444,0.011579284,0.4,0.57166,46.14467154,8.959473558,1
406,0.001830261,11.61255358,12.22305758,11.61255358,-14.71612,0.414,0.01184682,0.8,0.56392,50.55193076,8.853379673,1
407,0.00739566,11.70794934,12.19290128,11.70794934,-12.0899,0.404,0.010920886,0.4,0.63976,39.89293891,8.870785188,1
408,-0.022864944,11.61614068,12.23634479,11.61614068,-42.93734,0.404,0.011247311,0.4,0.56326,15.59534781,8.876353245,1
409,-0.03015355,11.63750314,12.27767677,11.63750314,-19.32498,0.418,0.01027863,0.6,0.55392,38.33900339,8.95892851,1
410,-0.004101829,11.05818082,11.77462027,11.05818082,-17.55366667,0.376666667,0.010032933,0,0.5957,0,8.349954908,1
411,0.010557323,11.58769893,12.26685255,11.58769893,-6.24504,0.35,0.012031443,0.4,0.61322,64.95254588,8.704659823,1
412,-0.032596252,11.89350344,12.25617148,11.89350344,-12.6967,0.38,0.011593085,0.4,0.70908,35.3353125,8.782990019,1
413,0.002640805,11.6500753,12.23746472,11.6500753,-13.61728,0.352,0.012765082,0.6,0.7765,38.89509878,8.750049422,1
414,-0.001897705,11.02971501,11.73841027,11.02971501,-7.681433333,0.316666667,0.014095966,0.666666667,0.824966667,49.53350995,8.13487218,1
415,0.026349005,11.54706599,12.24919439,11.54706599,-0.03488,0.298,0.013930021,0.6,0.8888,75.41475293,8.639577182,1
416,0.006439106,11.6496044,12.22111888,11.6496044,-3.62988,0.274,0.015186032,0.6,0.81732,50.05600458,8.554631548,1
417,-0.012555904,11.47778522,12.231794,11.47778522,-18.70954,0.298,0.01381383,0.2,0.69886,40.97517324,8.562497286,1
418,-0.021017787,11.57162824,12.28588148,11.57162824,-20.28132,0.312,0.014827031,0.4,0.61386,50.34588942,8.64757212,1
419,0.009428548,11.48738199,12.27510418,11.48738199,-18.05486,0.298,0.017515798,0.4,0.6355,63.04631072,8.637167602,1
420,-0.009768449,11.81048608,12.27332467,11.81048608,-19.05472,0.274,0.019012349,0.4,0.5921,48.93915439,8.571243781,1
421,-0.052874682,11.48863277,12.08181243,11.48863277,-43.35745,0.3925,0.017262285,0.5,0.428675,14.75970241,8.540763223,1
422,-0.034726968,11.79969712,12.37357663,11.79969712,-47.7122,0.302,0.019871588,0.2,0.38506,65.3636267,8.553791238,1
423,-0.033440203,11.95016052,12.45827002,11.95016052,-41.79036,0.316,0.018835265,0.4,0.50662,17.48802793,8.590770737,1
424,0.031699235,11.88640443,12.43771201,11.88640443,-18.2349,0.29,0.019767299,0.8,0.69842,43.8724105,8.513815493,1
425,0.001300209,12.05256592,12.4456091,12.05256592,-6.96454,0.272,0.021439481,0.2,0.65806,80.05062162,8.468074373,1
426,0.02618667,11.75685156,12.40193955,11.75685156,-9.21614,0.396,0.019189772,0.4,0.72982,68.77653795,8.7328786,1
427,-0.036190601,11.91501823,12.44473909,11.91501823,-19.75324,0.306,0.023230344,0.2,0.8231,4.711237033,8.512138438,1
428,-0.02139005,11.97100832,12.45496581,11.97100832,-10.55974,0.304,0.023603874,0.6,1.07192,56.28253358,8.497859494,1
429,-0.013195427,12.11926125,12.4769887,12.11926125,-14.83624,0.258,0.026304678,0,1.11258,0,8.343111196,1
430,-0.001408126,11.97264515,12.50043858,11.97264515,-16.60272,0.24,0.029512453,0.8,1.03576,60.47421888,8.320810843,1
431,0.021903378,11.79578593,12.49113504,11.79578593,-10.02308,0.282,0.027845541,0.2,1.02318,81.84752047,8.445261004,1
432,-0.021721181,11.98017531,12.54193398,11.98017531,-11.4378,0.242,0.029411734,0.4,1.05492,42.85214522,8.315054975,1
433,-0.021222942,12.00377285,12.57649762,12.00377285,-2.71218,0.226,0.030534495,0.4,1.07138,44.28189226,8.229921701,0
434,0.025138217,12.22299859,12.55179129,12.22299859,4.8704,0.284,0.029075001,0.6,1.0536,77.81246801,8.421076486,0
435,0.033500224,11.70671435,12.28502707,11.70671435,9.124825,0.2925,0.028184926,0.5,1.048166667,62.12333642,8.254362418,1
436,-0.057448186,12.14070178,12.55625405,12.14070178,-3.08546,0.334,0.027036102,0.2,1.04338,37.20054381,8.520886363,1
437,-0.038551321,12.34401119,12.61939018,12.34401119,1.0382,0.288,0.028983711,0.4,1.23442,52.96915436,8.364349657,1
438,0.031313564,12.36105298,12.66902019,12.36105298,2.87118,0.434,0.024667619,0.6,1.15246,47.54937328,8.785013315,0
439,-0.012686062,12.32591134,12.69121116,12.32591134,2.78958,0.448,0.024560033,0.8,0.96552,35.5392352,8.827036871,1
440,0.017839943,12.19664333,12.69842468,12.19664333,-0.2227,0.33,0.025808465,0,0.83416,0,8.49814492,0
441,0.002839449,12.31927186,12.67315953,12.31927186,1.05786,0.408,0.020497138,0.8,0.89462,48.5957343,8.637376899,1
442,-0.003895448,12.10151181,12.63683506,12.10151181,-1.481,0.338,0.022060319,0.4,0.88534,29.77985541,8.480747026,0
443,-0.02231043,12.09342453,12.66259202,12.09342453,-6.5523,0.252,0.029360642,0.4,0.92516,70.78017342,8.204376542,0
444,0.026057287,12.43467726,12.77187497,12.43467726,1.29972,0.3,0.025918231,0.4,0.86348,62.32853604,8.495528191,0
445,-0.01702291,12.45502428,12.81556372,12.45502428,3.40172,0.254,0.031080416,0.6,0.8108,35.54456798,8.266729829,1
446,-0.024210924,12.74995967,12.87578486,12.74995967,4.08788,0.25,0.031267667,0,0.77436,0,8.242924753,1
447,-0.029213398,12.57280039,12.84961195,12.57280039,-1.37432,0.254,0.028262673,0.4,0.655533333,47.65907127,8.194709852,0
448,-0.00721001,12.16804362,12.39085368,12.16804362,-1.3505,0.3,0.025993088,0.333333333,0.644533333,75.61603296,7.862928205,0
449,0.026476045,12.66198686,12.90907114,12.66198686,-0.6694,0.338,0.022326878,0.6,0.74342,79.32331664,8.455509259,0
450,0.017455562,12.74856553,12.90919491,12.74856553,2.15654,0.314,0.023738716,0.6,0.7312,63.93764758,8.397382101,0
451,0.013397062,12.5850603,12.89637829,12.5850603,2.4284,0.284,0.024295776,0.6,0.73526,47.65333607,8.344100914,0
452,0.013007905,12.63085987,12.91145961,12.63085987,7.46788,0.292,0.023524299,0.6,0.791928571,69.41121484,8.408707798,0
453,0.046302254,12.71466578,12.9219642,12.71466578,3.54392,0.504,0.017270345,0.8,0.8032,37.88216769,8.834418532,0
454,0.03109715,12.87031354,12.99289003,12.87031354,4.53926,0.65,0.01329983,0.6,0.91314,89.51911933,9.104812064,0
455,0.071922666,13.22135948,13.14007952,13.22135948,20.58934,1.018,0.009984158,0.4,0.93662,87.84804968,9.624403742,0
456,0.017234827,13.31546825,13.22256159,13.31546825,2.71276,1.126,0.008338629,0.6,0.952,25.60921657,9.727736165,0
457,-0.015881967,13.30604567,13.21166463,13.30604567,-2.63828,0.818,0.009240805,0.6,0.98402,62.84738639,9.500083319,0
458,0.030392144,13.14647241,13.21329124,13.14647241,4.63144,0.696,0.011109929,0.6,0.90964,77.78980037,9.347043729,0
459,-0.023015903,13.09446789,13.22666033,13.09446789,-1.91766,0.634,0.011511004,0.4,0.84056,65.39400115,9.262058626,0
460,0.067397519,12.82960444,13.04433481,12.82960444,9.999825,0.915,0.009521875,0.75,0.9641,96.04491449,9.41005643,0
461,0.00725198,13.19249374,13.33503954,13.19249374,5.69994,0.702,0.011265897,0.4,1.06246,29.57258916,9.442400056,0
462,0.005589002,13.31388416,13.29880267,13.31388416,1.07272,0.638,0.012258644,0.6,1.00744,79.08272705,9.304019222,0
463,-0.021993105,13.40203546,13.36860295,13.40203546,-0.35914,0.584,0.012677242,0.2,1.054416667,15.46071491,9.229264182,0
464,-0.01684629,12.40728956,12.42749872,12.40728956,7.52755,0.5,0.01374175,1,1.025833333,100,8.20416049,0
465,-0.064161513,13.58166368,13.40546498,13.58166368,-9.5388,0.508,0.013420278,0.4,0.9776,41.71692093,9.126663067,0
466,-0.001297477,13.41995667,13.30725662,13.41995667,-20.4585,0.412,0.014865417,0.4,0.82294,45.08951903,8.877376374,0
467,-0.020357021,13.35547469,13.29060291,13.35547469,-29.96534,0.368,0.016608384,0.4,0.87262,43.72329573,8.725814199,0
468,0.006260288,13.379115,13.33470965,13.379115,-33.90784,0.37,0.016937223,0.4,0.80172,73.45402338,8.737925839,0
469,-0.009773858,13.08512039,13.11637146,13.08512039,-18.265525,0.33,0.017640553,0.25,0.7507,9.013162606,8.417085522,0
470,0.021478389,13.28454005,13.33920874,13.28454005,-14.75766,0.404,0.017233544,0.4,0.75088,78.26611921,8.791160647,0
471,0.019429863,13.43384742,13.3291141,13.43384742,-10.8876,0.436,0.018928654,0.8,0.72662,99.87710076,8.965499374,0
472,0.018122503,13.15309043,13.28894335,13.15309043,-21.98224,0.366,0.019418303,0.4,0.82386,56.08196394,8.850956047,0
473,0.023227925,13.05622571,13.30214839,13.05622571,-19.84384,0.424,0.019546382,0.6,0.88358,57.8104092,9.003954375,0
474,-0.028212044,13.14887093,13.2930694,13.14887093,-16.7221,0.302,0.025618212,0.2,0.89722,46.54960675,8.669715117,0
475,0.004899848,13.25531085,13.28653624,13.25531085,-5.24562,0.332,0.024826789,0.4,0.87554,59.66334239,8.694798645,0
476,0.003890074,13.03284559,13.23963072,13.03284559,-8.2529,0.316,0.027443746,0.8,0.8528,42.25105675,8.680073656,0
477,0.001132634,12.9571349,13.21452315,12.9571349,-5.89084,0.334,0.028959295,0.2,0.83846,33.5422688,8.704115814,0
478,-0.049966346,13.12117467,13.29112508,13.12117467,-16.9743,0.358,0.028073268,0.2,0.69598,54.20126136,8.764575008,0
479,0.01130686,13.15387173,13.26212706,13.15387173,-18.79938,0.31,0.031725784,0.8,0.5887,45.2721567,8.708033362,0
480,0.029784389,12.98347595,13.25872651,12.98347595,-12.43096,0.368,0.025384177,0.6,0.5662,89.52242869,8.888429798,0
481,0.001151995,13.09294075,13.29524889,13.09294075,-8.12276,0.356,0.024957719,0.4,0.4949,52.59333391,8.910115972,0
482,0.02619782,13.12752205,13.32427022,13.12752205,-4.91242,0.466,0.0216927,1,0.511,100,9.120966935,0
483,0.018455302,12.81469082,13.10914034,12.81469082,1.1767,0.475,0.021535841,0.5,0.563725,60.89373493,8.910524988,0
484,-0.009941038,13.06305701,13.26820247,13.06305701,-3.13066,0.362,0.024972883,0.6,0.61154,26.73802777,8.882365332,0
485,-0.012535262,12.89375241,13.22328325,12.89375241,0.53734,0.328,0.025820125,0.4,0.625666667,23.86683471,8.816891776,0
486,-0.020308975,11.17823564,11.60016682,11.17823564,-20.5282,0.24,0.032898525,0,0.6957,0,6.912613459,0
487,0.01711677,12.66450015,12.99001528,12.66450015,-7.320675,0.2975,0.032446712,1,0.70912,100,8.513311668,0
488,0.014471794,13.06662866,13.23735675,13.06662866,-5.59512,0.32,0.032865366,0.4,0.68752,43.33620151,8.769836514,0
489,-0.010319267,12.85489953,13.21972599,12.85489953,-7.49312,0.264,0.036822424,0.6,0.6946,58.18600545,8.6037543,0
490,0.008304859,12.88121114,13.23490247,12.88121114,-5.55512,0.324,0.028178342,0.4,0.70274,78.23031658,8.852903709,0
491,0.018919757,12.99268968,13.30015804,12.99268968,-3.62032,0.362,0.031278169,0.6,0.66766,50.98826058,8.874086911,0
492,-0.02203627,13.00078314,13.23270546,13.00078314,-2.19896,0.304,0.034989948,0.4,0.64586,8.79020167,8.676638402,0
493,0.001005727,12.9332927,13.23837418,12.9332927,-0.84504,0.288,0.033404089,0.4,0.5792,51.9509391,8.69858932,0
494,-0.008974307,12.892837,13.24100294,12.892837,-2.4903,0.314,0.036906153,0.4,0.61386,49.80276232,8.685393849,0
495,0.000651826,12.84088337,13.23953111,12.84088337,3.57714,0.288,0.035073906,0.8,0.629,93.66295178,8.655433977,0
496,0.01289704,12.8419217,13.26203314,12.8419217,5.95488,0.374,0.027887415,0.6,0.61916,75.11412775,8.851626207,0
497,0.02854576,13.08980713,13.3432115,13.08980713,9.65384,0.538,0.02157962,0.4,0.6637,81.80560821,9.172043312,0
498,-0.005552529,12.92471943,13.31677818,12.92471943,8.85258,0.42,0.025697786,0.4,0.7671,61.94002437,8.925784076,0
499,0.029365221,12.82036329,13.17470532,12.82036329,9.2447,0.55,0.021838176,0.75,0.96535,85.64351519,9.077101508,0
500,0.005387462,13.04053274,13.41606828,13.04053274,4.52108,0.534,0.019181861,0.4,1.01248,65.77675322,9.246627942,0
501,0.007240494,13.00935816,13.37807479,13.00935816,7.65894,0.404,0.020602178,0.4,0.920366667,55.99634483,9.084701182,0
502,-0.016037264,12.89549791,13.15718597,12.89549791,5.057175,0.49,0.01618972,0.5,0.89875,19.5847943,9.066266748,0
503,-0.082411387,13.37730323,13.45444169,13.37730323,-31.8334,0.632,0.010622815,0.8,1.03736,14.35255351,9.47718765,0
504,0.040715987,13.15759152,13.46361987,13.15759152,-14.071,0.514,0.01317543,0.8,1.12894,53.40340459,9.306749947,0
505,0.037054173,13.30734971,13.45432115,13.30734971,-1.0784,0.682,0.013048084,0.6,1.06122,82.74745903,9.554338504,0
506,-0.007766344,13.40756638,13.48973748,13.40756638,-7.6066,0.814,0.012454192,0.2,0.95764,17.65346332,9.727366533,0
507,0.01130586,13.3709844,13.48142427,13.3709844,-14.74248,0.74,0.015171168,0.8,0.84366,49.42588045,9.646025552,0
508,-0.032295808,13.53542489,13.53723874,13.53542489,-11.98336,0.658,0.01626123,0.2,0.8733,51.01332053,9.517803013,1
509,-0.090687463,13.78514516,13.61609696,13.78514516,-29.259,0.596,0.018811652,0.2,0.94944,45.58459296,9.442116158,0
510,-0.00178477,13.52279986,13.54941775,13.52279986,-29.72924,0.482,0.024504761,0.6,0.99248,48.01815903,9.203542317,0
511,0.013526374,13.3805945,13.53006066,13.3805945,-19.73812,0.412,0.030410427,0.4,1.11444,61.0790367,9.026040059,0
512,0.025222614,12.98819864,13.29810165,12.98819864,-14.28865,0.41,0.028912067,0.5,1.366975,70.19071529,8.833558926,0
513,0.004540435,13.23056286,13.49410485,13.23056286,-15.67714,0.378,0.03362592,0.6,1.43076,63.31262652,9.00078656,0
514,-0.000242904,13.06877271,13.48280323,13.06877271,-38.4821,0.344,0.033793721,0.4,1.495816667,43.62445835,8.886868069,0
515,0.013562081,12.93526724,13.30170884,12.93526724,-24.131175,0.4,0.035863549,1,1.510175,100,8.82912534,0
516,0.022134629,12.51336247,12.97347118,12.51336247,-16.9234,0.433333333,0.032906272,0.666666667,1.55855,73.31066793,8.652500007,0
517,-0.001332635,13.1185722,13.42242945,13.1185722,-25.90092,0.352,0.039400998,0.4,1.56888,17.05783992,8.979149528,0
518,-0.012952711,12.96700463,13.41529415,12.96700463,-41.44842,0.364,0.038612236,0.4,1.48454,33.01497599,9.002033708,0
519,-0.014401473,12.99409355,13.45895418,12.99409355,-40.59274,0.306,0.046226693,0.8,1.31738,39.22733412,8.781036362,0
520,0.036426453,12.96264288,13.46131112,12.96264288,-29.23832,0.448,0.037564221,0.8,1.08734,95.86663059,9.114106966,0
521,0.009832268,13.10121533,13.50184858,13.10121533,-27.29136,0.448,0.040810719,0.6,0.83018,40.84753506,9.123631495,0
522,0.000220293,13.2577191,13.53599505,13.2577191,-30.92926,0.464,0.038085714,0.8,0.89316,42.76149094,9.24855096,0
523,0.020598445,12.5717777,13.03529454,12.5717777,-42.6766,0.493333333,0.039878202,1,0.8253,100,8.879832911,0
524,0.03641645,13.36053898,13.61677543,13.36053898,-25.86072,0.704,0.037275084,0.8,0.86556,72.57606187,9.681641284,0
525,0.117595973,13.7506904,13.75748306,13.7506904,10.094,1.324,0.024238093,0.8,0.94032,54.57571606,10.2515827,0
526,-0.016873673,13.85003468,13.77436976,13.85003468,-15.2948,1.004,0.028102767,0.4,0.9173,36.36466208,10.09546072,0
527,-0.010824301,13.70591442,13.72957787,13.70591442,-33.40376,0.832,0.03794304,0.6,0.88656,35.14187305,9.904565471,0
528,-0.0062433,13.57976291,13.73219851,13.57976291,-26.82248,0.632,0.049153678,0.8,0.8772,69.89898684,9.692945518,0
529,0.028291922,13.59062549,13.70619334,13.59062549,-28.4625,0.79,0.044510204,0.6,0.81324,44.15848857,9.891970485,0
530,-0.014873773,13.56065573,13.71200942,13.56065573,-18.24788,0.658,0.061263699,0.4,0.76118,59.09223656,9.664415311,0
531,0.016782944,13.54480752,13.71474281,13.54480752,-13.77168,0.688,0.064511555,0.4,0.64336,62.35921535,9.656646674,0
532,-0.001072404,13.39994814,13.70785519,13.39994814,-25.42806,0.522,0.072547742,0.8,0.53662,44.80385124,9.503662012,0
533,0.012559984,13.44476132,13.73758902,13.44476132,-23.58776,0.55,0.077759128,0.4,0.5525,28.98056875,9.559359989,0
534,-0.037409542,13.48889221,13.77407692,13.48889221,-13.24118,0.516,0.081318483,0.4,0.52366,33.0946117,9.39333337,0
535,0.008941603,13.50039562,13.73584486,13.50039562,-13.57892,0.422,0.103634016,0.6,0.54724,66.43519104,9.304176739,0
536,-0.011847334,13.27678773,13.71779409,13.27678773,-17.6407,0.39,0.125628474,0.4,0.534983333,15.62098364,9.188516964,0
537,-0.006976323,12.6571833,13.18226115,12.6571833,-14.1677,0.313333333,0.155585189,0.666666667,0.557466667,71.20222849,8.486290587,0
538,0.018960994,11.49767984,12.03660018,11.49767984,-20.7412,0.4,0.120794906,1,0.59665,100,7.74034696,0
539,0.03098855,13.29418837,13.70693488,13.29418837,-4.8946,0.44,0.116442754,0.4,0.53542,83.30198686,9.390919578,0
540,-0.012989969,13.21917425,13.72141963,13.21917425,-22.61122,0.384,0.14358985,0.2,0.50436,57.74466293,9.207156308,0
541,-0.008312572,13.22474125,13.74133535,13.22474125,-13.4481,0.406,0.140070957,0.6,0.45126,34.18577458,9.351871184,0
542,0.020736549,13.27911923,13.76739746,13.27911923,-12.21562,0.492,0.134212425,1,0.41422,100,9.509889254,0
543,0.023174749,13.28844884,13.80453757,13.28844884,-4.08754,0.564,0.134023972,0.4,0.45194,53.74413283,9.611162719,0
544,-0.001636482,13.17678527,13.72056121,13.17678527,-3.4213,0.52,0.146125273,0.6,0.44568,84.06789541,9.490335979,0
545,0.009480358,13.19162075,13.75015677,13.19162075,-2.3538,0.594,0.144238282,0.6,0.3055,48.22776702,9.524008854,0
546,0.018259468,13.31779364,13.78474821,13.31779364,3.5457,0.7,0.138662765,0.6,0.40042,71.60677051,9.660581886,0
547,-0.016300019,13.23708752,13.77620408,13.23708752,4.44672,0.49,0.151066085,0,0.46134,0,9.445551615,0
548,0.000877684,13.22595733,13.72190512,13.22595733,-0.44968,0.444,0.161081874,0.8,0.55804,64.605673,9.437305412,0
549,0.008200019,13.14079448,13.72051943,13.14079448,-1.43298,0.498,0.143851285,0.6,0.62244,49.52042279,9.564061558,0
550,0.020558681,12.96946158,13.54538939,12.96946158,6.71255,0.5475,0.148443864,0.75,0.64665,74.74979349,9.40538317,0
551,0.056613441,13.41616966,13.8373151,13.41616966,0.12438,0.774,0.119593753,0.8,0.84016,80.57286813,10.0614417,0
552,0.017399005,13.64582246,13.85333607,13.64582246,-1.08388,0.878,0.127561157,0.2,1.03984,76.32623011,10.13978106,0
553,-0.0013372,13.41389652,13.80573695,13.41389652,-13.08456,0.726,0.141888445,0.8,1.00552,37.29422237,9.970911594,0
554,-0.007364755,13.43040087,13.84065088,13.43040087,-19.20034,0.638,0.145877042,0.4,0.84442,26.97896042,9.936207857,0
555,-0.000168512,13.29856793,13.83362156,13.29856793,-13.18044,0.644,0.156576994,0.6,0.7573,79.57146025,9.86506632,0
556,0.037803015,12.87789915,13.30283489,12.87789915,-16.77703333,0.6,0.169191879,1,0.800866667,100,9.361694001,0
557,0.012550119,12.66027712,12.88724592,12.66027712,-32.6117,0.78,0.134643101,0.5,0.936066667,21.00593795,9.173588209,0
558,-0.048610769,13.56901137,13.87068317,13.56901137,-15.57768,0.854,0.137119212,0.2,1.00876,21.2547647,10.02518735,1
559,-0.026189362,13.51652484,13.8882516,13.51652484,-25.58558,0.71,0.159173888,0.4,0.98662,51.7122549,9.803183122,1
560,-0.054284994,13.69651304,13.93358155,13.69651304,-20.08606,0.734,0.161509987,0.6,0.94426,28.6065397,9.791562761,1
561,0.000126831,13.68597346,13.91929653,13.68597346,-26.52468,0.594,0.187951283,0.6,0.91382,22.38689663,9.553853478,1
562,-0.016124871,13.4457359,13.8853901,13.4457359,-26.204,0.55,0.190200879,0.4,0.85072,64.96556756,9.456901968,1
563,0.019432647,13.30442323,13.8526599,13.30442323,-29.34016,0.484,0.20513268,0.8,0.91734,47.8140396,9.4105968,1
564,0.001279025,13.05429222,13.63870058,13.05429222,-28.30765,0.475,0.207799498,0.25,1.01155,15.86517469,9.116101119,1
565,-0.024432074,13.50231237,13.88364106,13.50231237,-9.39456,0.452,0.213129226,0.4,0.96684,40.667662,9.342435609,1
566,0.025740985,13.36796329,13.88826275,13.36796329,-22.52474,0.476,0.191945967,0.6,1.020366667,90.24071059,9.497734903,1
567,0.003461137,13.39528403,13.88945873,13.39528403,-21.0914,0.502,0.183551257,0.6,1.11168,36.94885084,9.590055442,1
568,-0.015837856,12.55620825,13.01992082,12.55620825,-14.78855,0.595,0.169476794,0,1.1148,0,8.744959641,1
569,0.003861854,13.45578095,13.9275536,13.45578095,0.4813,0.534,0.180874926,0.6,1.0933,67.2114303,9.50193254,0
570,0.025833649,13.44367121,13.90242651,13.44367121,-8.16378,0.472,0.185797973,0.6,1.0166,47.34126343,9.524786082,0
571,0.022559075,13.41444028,13.92323697,13.41444028,-8.03594,0.57,0.161940609,0.8,0.96772,74.84898875,9.724508603,0
572,0.000461773,13.44986406,13.94067958,13.44986406,-14.95714,0.512,0.155232033,0.6,0.9632,26.8565399,9.62723854,0
573,-0.008627132,13.39361419,13.92579712,13.39361419,-8.6724,0.504,0.151435087,0.4,0.98892,37.84872156,9.620061079,0
574,-0.027336951,13.28562953,13.69237183,13.28562953,-14.352175,0.4925,0.153091858,0.5,0.963925,13.22294357,9.447408919,0
575,0.004700127,13.27199127,13.88720125,13.27199127,-28.65594,0.498,0.147095844,0.8,0.8916,75.58353991,9.732020472,0
576,0.006522338,13.21716979,13.88876938,13.21716979,-39.38546,0.454,0.155350174,0.6,0.89316,13.92719393,9.680370251,0
577,-0.015621653,13.28511638,13.91699618,13.28511638,-17.29586,0.55,0.141713001,0.4,0.91682,55.79899912,9.790029899,0
578,0.005649755,13.45628379,13.86618086,13.45628379,-15.94562,0.666,0.129371795,0.6,0.97136,44.8322035,9.855440038,0
579,-0.000752504,13.18705689,13.83286608,13.18705689,-20.46226,0.622,0.133262014,0.6,1.01154,37.94667477,9.835147147,1
580,-0.063816315,13.49855895,13.9148689,13.49855895,-34.02774,0.736,0.113153427,0.4,0.97038,28.24984533,10.03127636,1
581,0.023729521,13.24731532,13.8378394,13.24731532,-42.85544,0.676,0.11942354,0.6,0.90108,66.1184086,9.995245978,0
582,0.012539909,13.23241885,13.81963803,13.23241885,-30.23702,0.624,0.126458727,0.4,0.87228,65.24108084,9.855698112,1
583,-0.026173626,13.41881687,13.83473753,13.41881687,-26.58332,0.674,0.130162903,0.2,0.9026,49.32629275,9.866484818,1
584,-0.004453205,13.17248789,13.80820897,13.17248789,-37.45566,0.68,0.122553183,0.8,0.85464,28.55118595,9.86076636,1
585,0.001552995,13.34952285,13.86432739,13.34952285,-19.92252,0.954,0.106682083,0.2,0.79208,84.22632838,10.10200721,0
586,0.029992317,13.30196457,13.82587466,13.30196457,-9.44464,0.936,0.118031717,0.6,0.73146,84.95640105,9.986700307,0
587,-0.01685967,13.44387135,13.82880677,13.44387135,-3.99564,0.796,0.117065412,0.2,0.6119,48.3883271,9.887229605,0
588,-0.009716804,12.61730111,13.27209976,12.61730111,-4.7303,0.756666667,0.130165525,0.333333333,0.5793,62.35933375,9.245652495,0
589,0.006741433,12.96781495,13.56078733,12.96781495,4.072875,0.6575,0.145277489,0.75,0.58565,30.87204376,9.51962639,0
590,0.012601372,11.57090188,12.17180206,11.57090188,1.2591,0.61,0.148826927,1,0.697,100,8.142168051,0
591,-0.002956996,13.18895978,13.71858107,13.18895978,-4.53166,0.524,0.168912581,0.6,0.72356,40.65254615,9.578127842,0
592,-0.001278111,13.04957331,13.72332399,13.04957331,-8.72482,0.514,0.162332212,0.6,0.741,48.19105643,9.567504896,0
593,0.001871837,12.99439818,13.72808382,12.99439818,-3.17888,0.54,0.144845869,0.4,0.6873,45.58078355,9.671566844,0
594,-0.013984753,12.97925715,13.75649383,12.97925715,-1.30608,0.564,0.128878342,0.2,0.60674,62.55288119,9.734176195,0
595,0.001384254,13.02216286,13.75715767,13.02216286,-2.66884,0.496,0.131696482,0.4,0.60472,77.02614852,9.584656,0
596,0.003960889,13.03260277,13.71877496,13.03260277,1.41426,0.428,0.123041879,0.6,0.61444,40.73682255,9.48344445,0
597,0.003920755,12.74200153,13.672845,12.74200153,-3.39414,0.474,0.113083151,0.6,0.61694,23.87881236,9.550640985,0
598,-0.007527649,12.85419369,13.71185969,12.85419369,2.7839,0.484,0.107232565,0.6,0.55866,62.07495349,9.546338925,0
599,0.027993209,13.14283833,13.77865568,13.14283833,8.7481,0.658,0.098900367,0.6,0.55988,79.50878427,9.790144147,0
600,0.006875565,13.26110393,13.81342238,13.26110393,6.34258,0.586,0.100331049,0.4,0.49338,35.33699053,9.696189053,0
601,-0.020559175,12.91472401,13.80597221,12.91472401,14.03174,0.524,0.106579697,0.6,0.47172,30.92498481,9.528827557,0
602,0.002309835,12.92221832,13.8098737,12.92221832,16.98944,0.442,0.11613294,0.6,0.45486,45.56138928,9.502234312,0
603,-0.016018752,12.86651583,13.61412483,12.86651583,5.97845,0.6075,0.092437892,0.25,0.6423,9.224111278,9.513721812,0
604,-0.013382447,13.00739912,13.82356603,13.00739912,1.95038,0.528,0.102635337,0.4,0.67002,38.69526588,9.585524951,0
605,0.00019173,13.18684877,13.82411246,13.18684877,6.11498,0.504,0.098487664,0.6,0.71122,52.85155204,9.54760872,1
606,-0.025469137,13.17659964,13.83825591,13.17659964,5.97036,0.432,0.115756864,0.4,0.820542857,19.42740787,9.423736572,1
607,-0.011904186,13.09196602,13.84763984,13.09196602,-4.3963,0.542,0.105365245,0.4,0.91872,69.16183577,9.558410097,0
608,-0.003883938,13.05304974,13.81650906,13.05304974,-5.11606,0.414,0.114594679,0.8,0.95638,33.36304955,9.358482752,1
609,-0.004553318,13.0485166,13.83190838,13.0485166,-2.85138,0.496,0.092338772,0.4,0.82954,44.95483711,9.499299379,0
610,-0.005065162,12.96329027,13.83583266,12.96329027,-4.75824,0.456,0.09968779,0.4,0.80604,36.02016316,9.406537713,0
611,-0.065621364,13.51110272,13.91329767,13.51110272,-17.61478,0.586,0.084966585,0.4,0.81924,30.80928784,9.654853101,1
612,-0.031247638,13.76815267,13.92096007,13.76815267,-23.8896,0.612,0.082678789,0.6,0.78176,36.81891734,9.709535624,1
613,0.015645991,13.25112768,13.85806513,13.25112768,-38.24772,0.42,0.0978718,0.2,0.7473,42.99524665,9.341743126,0
614,-0.002037727,13.28399571,13.89653279,13.28399571,-10.61282,0.446,0.099116188,0.4,0.72755,78.34712296,9.363437354,1
615,0.00645755,12.71390178,13.35962598,12.71390178,-10.9026,0.52,0.095872117,0.333333333,0.741166667,39.25469507,8.853335374,1
616,-0.015554006,13.49452951,13.87594504,13.49452951,-1.53912,0.48,0.097191396,0.4,0.77762,53.21084291,9.402249157,1
617,-0.021103756,13.33179576,13.88902493,13.33179576,-4.59096,0.428,0.108005391,0.2,0.878183333,26.53471259,9.279271108,1
618,-0.047540834,13.60693168,13.95705092,13.60693168,-3.78338,0.594,0.08720143,0.6,0.9279,40.31168279,9.56054362,1
619,0.014066368,12.33207073,12.98432355,12.33207073,-21.9126,0.495,0.094898906,0,0.945833333,0,8.527862076,1
620,-0.002390095,13.33516241,13.9077834,13.33516241,-16.01362,0.44,0.098435787,0.6,0.92528,63.64713004,9.321763672,1
621,0.015329184,13.39851978,13.90390506,13.39851978,-17.42726,0.42,0.099183779,0.6,0.99148,66.16072704,9.294178637,1
622,-0.004019217,13.22223043,13.8891327,13.22223043,-25.25164,0.442,0.092631444,0.6,1.01478,19.17295704,9.293142653,0
623,0.01927499,12.89768365,13.65918301,12.89768365,-23.120225,0.4225,0.08658682,0.75,1.027075,79.42859962,9.134526792,0
624,0.031611967,13.30815391,13.89119764,13.30815391,-15.6588,0.586,0.07121347,0.8,0.98436,52.29833924,9.641183386,0
625,0.014930045,13.6307773,13.89570987,13.6307773,-6.63754,0.672,0.070024449,0.6,0.95628,55.88789466,9.806802628,0
626,0.012469188,13.33174547,13.81880313,13.33174547,-36.65432,0.594,0.081100752,0.6,1.00068,61.86442137,9.71630701,0
627,0.032714738,13.28914142,13.85263774,13.28914142,-22.29324,0.602,0.077821795,0.6,1.05104,54.85574642,9.804705904,0
628,-0.001722482,13.27312891,13.84418645,13.27312891,-24.7186,0.502,0.087753671,0.4,1.06448,45.77165275,9.738434827,0
629,-0.031811882,13.41654677,13.82488449,13.41654677,-19.17966,0.494,0.094743128,0.4,1.12402,6.297978283,9.612269904,0
630,-0.010942791,13.16288709,13.76169092,13.16288709,-17.8441,0.388,0.099812853,0.6,1.15562,36.30589897,9.382609909,0
631,-0.009854908,13.15246572,13.76430252,13.15246572,-11.36616,0.336,0.109090397,0.4,1.0985,33.29116996,9.284568051,0
632,-0.020743962,13.18856115,13.78152866,13.18856115,-6.02512,0.4,0.098466139,0.6,1.16318,37.28087067,9.445459924,0
633,0.009367863,12.93978339,13.74924254,12.93978339,-2.79948,0.346,0.108082016,0.4,1.13284,70.49191295,9.34538774,0
634,0.004694326,13.07178141,13.73159946,13.07178141,-5.80968,0.378,0.103258564,0.2,1.02864,66.39608089,9.414922318,0
635,-0.01239295,12.94780521,13.69840242,12.94780521,-4.65668,0.386,0.106985814,0.4,0.98402,47.19035654,9.416834894,0
636,-0.015616766,12.97391673,13.70599699,12.97391673,-1.1414,0.352,0.125346336,0.2,0.95648,12.28862228,9.291069306,0
637,-0.002396274,12.88115514,13.68445382,12.88115514,0.60782,0.374,0.130679768,0.6,0.9742,71.44742503,9.269099726,0
638,-0.00375633,13.01661834,13.47758867,13.01661834,2.181325,0.405,0.131987511,0.25,0.973775,22.56003562,9.104563103,1
639,-0.034924276,12.8888361,13.67467254,12.8888361,-0.26724,0.31,0.15786861,0.2,0.9325,19.18259762,9.066239028,1
640,-0.01418009,12.98698342,13.70293407,12.98698342,4.89784,0.31,0.155443857,0.2,0.95214,67.57421382,9.084355291,1
641,-0.019890275,13.09599476,13.73379061,13.09599476,1.54554,0.358,0.140271892,0.6,1.03814,46.90594804,9.237261719,1
642,0.005347805,13.12869529,13.70499679,13.12869529,-4.44638,0.32,0.134501449,0.2,1.02092,13.21883116,9.188349332,1
643,-0.045659377,13.32183372,13.78032991,13.32183372,0.2791,0.416,0.117520922,0.2,0.95534,33.77064436,9.412870519,1
644,0.009626513,13.36535505,13.80466799,13.36535505,6.16942,0.478,0.10955111,0.6,0.9642,75.45619674,9.525032127,0
645,0.025468618,13.25062114,13.82495977,13.25062114,4.95604,0.424,0.115962707,0.4,0.93058,64.98537713,9.345048697,0
646,0.02125841,13.33040466,13.84583412,13.33040466,5.15756,0.462,0.10891028,0.4,0.73176,64.35956202,9.466119154,0
647,-0.013751091,13.07264779,13.80470741,13.07264779,6.83742,0.436,0.126961733,0.6,0.73854,24.06467497,9.153983754,0
648,0.019180309,13.16817578,13.83496803,13.16817578,8.83644,0.52,0.109329624,0.6,0.79608,61.87356749,9.428149722,0
649,0.031054107,13.24285386,13.88167931,13.24285386,4.13226,0.534,0.099007345,0.8,0.73406,77.8352512,9.467997421,0
650,-0.002531966,13.26077833,13.8238001,13.26077833,8.23484,0.354,0.116676289,0.4,0.70614,23.63439585,9.166686246,0
651,-0.025139903,13.01936452,13.82655534,13.01936452,18.55536,0.282,0.143002486,0.4,0.67266,7.326473448,8.939615051,0
652,0.003917783,12.71012136,13.81463517,12.71012136,10.93168,0.272,0.149174455,0.6,0.67142,61.47516555,8.934194171,