week,index_level,max_52,ML,CCt
1,3650.7,,,
2,3783.73,,,
3,3272.5,,,
4,3803.07,,,
5,3959.12,,,
6,3878.92,,,
7,3936.12,,,
8,3675.15,,,
9,3611.33,,,
10,3489.5,,,
11,2979.12,,,
12,2849.67,,,
13,2816.02,,,
14,2741.85,,,
15,2953.5,,,
16,2815.46,,,
17,2939.2,,,
18,2840.79,,,
19,2591.46,,,
20,2447.62,,,
21,2404.93,,,
22,2391.64,,,
23,2183.43,,,
24,2077.85,,,
25,2073.11,,,
26,2243.66,,,
27,1906.96,,,
28,1833.26,,,
29,1781.6,,,
30,1663.66,,,
31,1677.83,,,
32,1943.65,,,
33,1920.74,,,
34,1829.92,,,
35,2013.18,,,
36,1960.38,,,
37,2052.11,,,
38,1862.1,,,
39,1817.72,,,
40,1918.37,,,
41,1990.21,,,
42,2032.68,,,
43,2237.28,,,
44,2399.07,,,
45,2344.32,,,
46,2140.49,,,
47,2286.58,,,
48,2205.42,,,
49,2379.84,,,
50,2498.93,,,
51,2570.5,,,
52,2595.53,,,
53,2650.69,3959.12,0.6695149427145427,
54,2572.89,3959.12,0.649864111216634,
55,2622.93,3959.12,0.6625032835579624,
56,2789.22,3959.12,0.7045050415243791,
57,2796.12,3959.12,0.7062478530582553,
58,2740.68,3936.12,0.6962897472638029,
59,2759.71,3936.12,0.7011244575876752,
60,2939.31,3675.15,0.799779600832619,
61,2906.29,3611.33,0.8047699877884326,
62,3080.0,3489.5,0.8826479438314945,
63,3128.42,3080.0,1.0157207792207792,
64,3327.14,3128.42,1.0635208827459228,
65,3398.31,3327.14,1.0213907440023564,
66,3519.81,3398.31,1.0357530654943192,
67,3667.56,3519.81,1.0419766976058367,
68,3734.62,3667.56,1.0182846361068394,
69,3555.1,3734.62,0.9519308524026541,
70,3344.46,3734.62,0.8955288623742175,
71,3203.62,3734.62,0.8578168595466206,
72,3046.78,3734.62,0.8158206189652496,
73,3077.14,3734.62,0.8239499601030359,
74,3238.13,3734.62,0.8670574248517922,
75,3199.69,3734.62,0.8567645436483498,
76,3058.53,3734.62,0.8189668560656774,
77,3004.81,3734.62,0.8045825278073807,
78,3163.71,3734.62,0.8471303639995502,
79,3241.71,3734.62,0.8680160230491991,
80,3413.25,3734.62,0.9139484070668502,
81,3280.37,3734.62,0.8783678125217559,
82,3483.02,3734.62,0.9326303613219016,
83,3518.72,3734.62,0.9421895668100101,
84,3631.01,3734.62,0.9722568828957164,
85,3382.51,3734.62,0.9057173152824117,
86,3643.49,3734.62,0.9755985883436601,
87,3575.02,3734.62,0.9572647284061029,
88,3391.74,3734.62,0.90818878493662,
89,3424.78,3734.62,0.9170357358981638,
90,3575.68,3734.62,0.9574414532134461,
91,3480.13,3734.62,0.9318565208776262,
92,3482.74,3734.62,0.9325553871612104,
93,3366.2,3734.62,0.9013500704221581,
94,3204.16,3734.62,0.8579614525708104,
95,3153.09,3734.62,0.8442867011904827,
96,3251.28,3734.62,0.8705785327556753,
97,3281.67,3734.62,0.87871590683925,
98,3259.76,3734.62,0.8728491787651756,
99,3233.13,3734.62,0.8657186005537378,
100,3293.87,3734.62,0.8819826381265028,
101,3275.0,3734.62,0.8769299152256455,
102,3407.35,3734.62,0.912368594395146,
103,3379.17,3734.62,0.9048229806513113,
104,3356.33,3734.62,0.8987072312577986,
105,3190.0,3734.62,0.8541699021587204,0
106,3067.37,3734.62,0.8213338974246376,0
107,2836.79,3734.62,0.7595926760955599,0
108,2868.02,3734.62,0.7679549726612078,0
109,2768.79,3734.62,0.7413846656420198,0
110,2850.3,3734.62,0.763210179348903,0
111,2744.39,3734.62,0.7348512030675142,0
112,2758.87,3734.62,0.7387284382346798,0
113,2696.17,3734.62,0.7219395815370775,0
114,2736.29,3734.62,0.7326823077046661,0
115,2534.11,3734.62,0.6785456083885376,0
116,2647.1,3734.62,0.7088003598759713,0
117,2616.13,3734.62,0.7005076821738223,0
118,2793.08,3734.62,0.7478886740819681,0
119,2868.85,3734.62,0.7681772174946848,0
120,2897.66,3734.62,0.7758915231000745,0
121,2855.55,3643.49,0.7837403149178399,0
122,2898.33,3643.49,0.7954818045335653,0
123,2858.57,3643.49,0.7845691905288612,0
124,2920.21,3643.49,0.801487035781627,0
125,2932.55,3643.49,0.8048738983776544,0
126,2861.37,3643.49,0.7853376844728543,0
127,2857.48,3643.49,0.7842700268149495,0
128,2935.57,3643.49,0.8057027739886757,0
129,3044.23,3643.49,0.8355258282580713,0
130,3327.68,3643.49,0.913322116981246,0
131,3378.66,3643.49,0.9273141960043805,0
132,3379.98,3643.49,0.9276764860065487,0
133,3520.8,3643.49,0.9663262421469526,0
134,3291.83,3643.49,0.9034826498769037,0
135,3178.85,3643.49,0.8724739192367758,0
136,3194.85,3643.49,0.8768653132024515,0
137,3158.16,3643.49,0.8667952979149113,0
138,3161.98,3643.49,0.8678437432242164,0
139,3225.66,3575.68,0.9021109271523179,0
140,3162.96,3575.68,0.8845758009665295,0
141,3128.26,3575.68,0.8748713531412208,0
142,3166.62,3575.68,0.8855993824950779,0
143,3091.86,3520.8,0.8781697341513293,0
144,2983.46,3520.8,0.847381276982504,0
145,3036.74,3520.8,0.8625142013178821,0
146,3077.28,3520.8,0.8740286298568507,0
147,3120.96,3520.8,0.8864349011588275,0
148,3211.88,3520.8,0.9122585775960009,0
149,3197.62,3520.8,0.908208361735969,0
150,3270.67,3520.8,0.9289564871620086,0
151,3247.38,3520.8,0.9223415132924335,0
152,3215.69,3520.8,0.9133407180186321,0
153,3294.48,3520.8,0.9357191547375596,0
154,3272.73,3520.8,0.9295415814587593,0
155,3353.36,3520.8,0.9524426266757555,0
156,3358.94,3520.8,0.9540274937514202,0
157,3299.94,3520.8,0.9372699386503067,0
158,3192.72,3520.8,0.9068166325835036,0
159,3121.4,3520.8,0.8865598727561917,0
160,3128.09,3520.8,0.8884600090888435,0
161,3121.6,3520.8,0.8866166780277209,0
162,2963.31,3520.8,0.8416581458759372,0
163,2986.35,3520.8,0.8482021131561008,0
164,2961.93,3520.8,0.8412661895023857,0
165,2892.16,3520.8,0.8214496705294251,0
166,3027.47,3520.8,0.8598812769825038,0
167,3049.75,3520.8,0.8662093842308566,0
168,3109.18,3520.8,0.8830890706657577,0
169,3128.89,3520.8,0.8886872301749602,0
170,3067.99,3520.8,0.8713900249943194,0
171,2972.08,3520.8,0.8441490570324925,0
172,2897.42,3520.8,0.822943649170643,0
173,2875.37,3520.8,0.8166808679845489,0
174,2807.66,3520.8,0.7974494433083389,0
175,2901.22,3520.8,0.8240229493296977,0
176,2803.85,3520.8,0.7963673028857077,0
177,2751.1,3520.8,0.7813849125198817,0
178,2733.99,3520.8,0.7765252215405588,0
179,2669.48,3520.8,0.7582026812088162,0
180,2581.35,3520.8,0.7331714383094751,1
181,2653.78,3520.8,0.7537434673937742,0
182,2507.88,3520.8,0.7123040218132243,1
183,2709.02,3520.8,0.7694330833901386,0
184,2763.75,3520.8,0.7849778459441036,0
185,2695.0,3520.8,0.7654510338559418,0
186,2606.5,3358.94,0.7759888536264417,0
187,2569.97,3358.94,0.7651133988698815,0
188,2557.31,3358.94,0.7613443526826915,0
189,2503.46,3358.94,0.7453125093035303,0
190,2390.13,3358.94,0.7115726985298934,0
191,2359.16,3358.94,0.7023525278808195,0
192,2345.74,3358.94,0.6983572198372104,0
193,2290.6,3358.94,0.6819413267280748,0
194,2394.33,3358.94,0.7128230929995772,0
195,2504.09,3358.94,0.7455000684739829,0
196,2506.09,3358.94,0.7460954944119276,0
197,2533.62,3358.94,0.7542915324477364,0
198,2537.09,3358.94,0.7553245964500706,0
199,2648.02,3358.94,0.7883498960981739,0
200,2679.93,3358.94,0.7978499169380816,0
201,2664.3,3358.94,0.7931966632330438,0
202,2623.52,3358.94,0.7810559283583511,0
203,2552.94,3358.94,0.7600433470082824,0
204,2454.9,3358.94,0.7308555675302327,0
205,2519.83,3358.94,0.7501860706056077,0
206,2580.45,3358.94,0.7682334307847117,0
207,2626.84,3358.94,0.7820443354153394,0
208,2626.16,3358.94,0.7818418905964382,0
209,2715.88,3299.94,0.8230089031921792,0
210,2636.92,3192.72,0.8259164599463781,0
211,2573.98,3128.89,0.8226495658204668,0
212,2573.1,3128.89,0.8223683159203423,0
213,2633.0,3128.89,0.8415124852583504,0
214,2524.33,3128.89,0.8067813186145886,0
215,2568.05,3128.89,0.8207543250162199,0
216,2512.19,3128.89,0.8029013484015098,0
217,2461.61,3128.89,0.7867358711875458,0
218,2472.61,3128.89,0.7902514949390999,0
219,2450.63,3128.89,0.7832266394791764,0
220,2398.46,3128.89,0.7665529948320331,0
221,2349.11,3128.89,0.7507806282739247,0
222,2353.74,3067.99,0.7671928526494545,0
223,2399.75,2972.08,0.8074311593227639,0
224,2313.48,2901.22,0.7974162593667492,0
225,2275.68,2901.22,0.7843872577743156,0
226,2204.87,2901.22,0.7599802841563205,0
227,2317.18,2901.22,0.7986915849194477,0
228,2315.54,2803.85,0.8258430372523494,0
229,2199.06,2763.75,0.7956797829036635,0
230,2293.11,2763.75,0.8297096336499322,0
231,2304.53,2763.75,0.8338417005879694,0
232,2332.47,2763.75,0.8439511533242876,0
233,2247.91,2763.75,0.8133550429669832,0
234,2306.77,2763.75,0.8346521935775667,0
235,2240.92,2763.75,0.8108258706467661,0
236,2177.24,2763.75,0.7877847127996381,0
237,2192.68,2715.88,0.8073552587006789,0
238,2139.66,2715.88,0.7878330412242072,0
239,2246.76,2715.88,0.8272677732447679,0
240,2355.87,2715.88,0.8674425968746777,0
241,2372.0,2715.88,0.873381739988512,0
242,2480.05,2715.88,0.9131662665508049,0
243,2524.41,2715.88,0.9294998306258008,0
244,2483.23,2715.88,0.9143371577536562,0
245,2595.44,2715.88,0.9556534162039559,0
246,2571.67,2715.88,0.9469011885650324,0
247,2743.32,2715.88,1.0101035391843527,0
248,2771.73,2743.32,1.0103560649140457,0
249,2596.6,2771.73,0.9368156350005231,0
250,2668.84,2771.73,0.9628787796791174,0
251,2606.93,2771.73,0.9405425492382014,0
252,2539.87,2771.73,0.9163482734609792,0
253,2618.31,2771.73,0.9446482882531848,0
254,2495.08,2771.73,0.9001886908176482,0
255,2483.55,2771.73,0.8960288339773355,0
256,2462.11,2771.73,0.8882935928102665,0
257,2533.83,2771.73,0.9141691290277191,0
258,2447.31,2771.73,0.8829539673777749,0
259,2492.91,2771.73,0.8994057862778841,0
260,2540.84,2771.73,0.9166982353981088,0
261,2592.05,2771.73,0.9351740609655342,0
262,2597.23,2771.73,0.9370429298669062,0
263,2606.43,2771.73,0.9403621564871036,0
264,2484.16,2771.73,0.8962489131336746,0
265,2416.77,2771.73,0.871935578140728,0
266,2317.39,2771.73,0.8360807149325511,0
267,2200.64,2771.73,0.7939590075512405,0
268,2226.85,2771.73,0.8034151955637814,0
269,2275.37,2771.73,0.8209205081303013,0
270,2190.48,2771.73,0.7902934268489356,0
271,2224.01,2771.73,0.8023905647375467,0
272,2247.26,2771.73,0.8107788276635892,0
273,2286.01,2771.73,0.8247592658736602,0
274,2304.14,2771.73,0.8313003070284624,0
275,2286.93,2771.73,0.8250911885356799,0
276,2313.91,2771.73,0.8348251813849111,0
277,2357.78,2771.73,0.8506528413662227,0
278,2488.9,2771.73,0.8979590364140808,0
279,2432.51,2771.73,0.8776143419452833,0
280,2394.97,2771.73,0.8640704541928687,0
281,2409.04,2771.73,0.8691467062087577,0
282,2468.51,2771.73,0.890602620024317,0
283,2426.05,2771.73,0.8752836676011012,0
284,2368.56,2771.73,0.8545421090798887,0
285,2384.96,2771.73,0.860458991315893,0
286,2307.95,2771.73,0.8326748997918267,0
287,2350.73,2771.73,0.8481093035757451,0
288,2397.96,2771.73,0.8651492028444329,0
289,2438.94,2771.73,0.8799341927243995,0
290,2452.29,2771.73,0.8847506791787079,0
291,2406.64,2771.73,0.8682808210034887,0
292,2278.14,2771.73,0.8219198839713825,0
293,2303.48,2771.73,0.8310621885970134,0
294,2290.78,2771.73,0.8264802127191322,0
295,2204.85,2771.73,0.7954779145154831,0
296,2178.49,2771.73,0.7859676086776128,0
297,2245.68,2771.73,0.8102087865701204,0
298,2202.45,2771.73,0.7946120293102141,0
299,2212.48,2771.73,0.7982307078972338,0
300,2295.58,2771.73,0.8282119831296699,0
301,2264.29,2668.84,0.8484172899087243,0
302,2178.97,2668.84,0.8164483445991516,0
303,2168.36,2618.31,0.8281525105888914,0
304,2122.84,2618.31,0.8107672506311324,0
305,2158.8,2618.31,0.8245013004571652,0
306,2151.97,2606.43,0.8256389007186075,0
307,2185.47,2606.43,0.8384917300675636,0
308,2270.67,2606.43,0.8711801199341629,0
309,2224.48,2606.43,0.8534585620945124,0
310,2167.83,2606.43,0.8317238521656058,0
311,2158.66,2606.43,0.8282056299229213,0
312,2133.91,2606.43,0.818709882866603,0
313,2145.95,2606.43,0.8233292281012726,0
314,2148.41,2606.43,0.8242730478086885,0
315,2156.46,2606.43,0.8273615635179153,0
316,2134.72,2488.9,0.8576961709992365,0
317,2176.24,2488.9,0.8743782393828597,0
318,2136.73,2488.9,0.8585037566796576,0
319,2150.26,2488.9,0.8639398931254771,0
320,2178.7,2488.9,0.8753666278275543,0
321,2148.01,2488.9,0.8630358793041103,0
322,2164.14,2488.9,0.8695166539435091,0
323,2260.45,2488.9,0.9082124633372172,0
324,2329.4,2488.9,0.9359154646631042,0
325,2331.13,2488.9,0.9366105508457552,0
326,2360.64,2488.9,0.9484671943428823,0
327,2365.36,2488.9,0.9503636144481498,0
328,2338.29,2488.9,0.9394873237173048,0
329,2449.26,2488.9,0.9840732853871189,0
330,2438.36,2488.9,0.9796938406524971,0
331,2425.21,2468.51,0.982459054247299,0
332,2437.2,2468.51,0.9873162352998366,0
333,2450.99,2468.51,0.9929026011642649,0
334,2466.79,2468.51,0.9993032234019711,0
335,2441.73,2466.79,0.9898410484881162,0
336,2390.71,2466.79,0.9691582988418147,0
337,2508.33,2466.79,1.0168396985556127,0
338,2502.15,2508.33,0.9975362093504444,0
339,2581.09,2508.33,1.0290073475180699,0
340,2583.46,2581.09,1.0009182167223925,0
341,2808.82,2583.46,1.0872318518575863,0
342,3124.89,2808.82,1.1125276806630542,0
343,3193.23,3124.89,1.0218695698088573,0
344,3383.17,3193.23,1.0594820918004655,0
345,3445.84,3383.17,1.0185240469736963,0
346,3533.71,3445.84,1.025500313421401,0
347,3546.72,3533.71,1.003681682990398,0
348,3635.15,3546.72,1.0249328957459287,0
349,3571.73,3635.15,0.9825536772897955,0
350,3434.39,3635.15,0.944772567844518,0
351,3312.42,3635.15,0.9112196195480241,0
352,3469.83,3635.15,0.9545218216579783,0
353,3522.32,3635.15,0.968961390864201,0
354,3572.84,3635.15,0.9828590292009959,0
355,3478.52,3635.15,0.9569123695033217,0
356,3617.66,3635.15,0.995188644210005,0
357,3892.57,3635.15,1.070814134217295,0
358,3971.7,3892.57,1.020328471934994,0
359,4170.54,3971.7,1.0500642042450337,0
360,4344.42,4170.54,1.0416924427052612,0
361,4596.14,4344.42,1.0579409909723279,0
362,4702.64,4596.14,1.0231716179228658,0
363,4749.89,4702.64,1.010047547760407,0
364,4558.4,4749.89,0.9596853821877979,0
365,4617.47,4749.89,0.9721214596548552,0
366,4951.34,4749.89,1.0424115084770385,0
367,4840.83,4951.34,0.9776807894428579,0
368,5230.55,4951.34,1.056390795219072,0
369,5335.12,5230.55,1.0199921614361778,0
370,4637.05,5335.12,0.8691557078378743,0
371,4336.2,5335.12,0.8127652236500772,1
372,3885.92,5335.12,0.728365997390874,1
373,4106.56,5335.12,0.7697221430820675,1
374,4151.5,5335.12,0.7781455712336367,1
375,4176.28,5335.12,0.7827902652611375,1
376,3816.7,5335.12,0.7153915938160716,1
377,3906.95,5335.12,0.732307801886368,1
378,4073.54,5335.12,0.7635329664562371,0
379,3589.54,5335.12,0.6728133575252291,1
380,3342.29,5335.12,0.6264695077149155,1
381,3365.83,5335.12,0.6308817796038327,1
382,3347.19,5335.12,0.6273879500367378,1
383,3251.27,5335.12,0.609408972994047,1
384,3231.95,5335.12,0.6057876861251481,0
385,3202.95,5335.12,0.6003520070776289,0
386,3340.12,5335.12,0.6260627689723942,0
387,3534.07,5335.12,0.6624162155677848,0
388,3571.24,5335.12,0.669383256609036,0
389,3534.08,5335.12,0.6624180899398702,0
390,3793.37,5335.12,0.7110186837409468,0
391,3746.24,5335.12,0.7021847681026856,0
392,3774.38,5335.12,0.7074592511508645,0
393,3556.99,5335.12,0.6667122763874102,0
394,3677.59,5335.12,0.6893172037367482,0
395,3608.06,5335.12,0.6762846946272999,0
396,3767.91,5335.12,0.706246532411642,0
397,3838.2,5335.12,0.7194214937995771,0
398,3731.0,5335.12,0.6993282250446101,0
399,3361.56,5335.12,0.6300814227233876,0
400,3118.73,5335.12,0.5845660453747995,0
401,3113.46,5335.12,0.5835782512858193,0
402,2946.09,5335.12,0.5522068856932928,0
403,2963.79,5335.12,0.5555245242843647,0
404,3051.59,5335.12,0.5719815111937502,0
405,2948.03,5335.12,0.5525705138778509,0
406,3093.89,5335.12,0.5799101051147866,0
407,3018.28,5335.12,0.5657379777774446,0
408,3171.96,5335.12,0.594543327985125,0
409,3197.82,5335.12,0.5993904541978438,0
410,3221.89,5335.12,0.6039020678072845,0
411,3185.73,5335.12,0.5971243383466539,0
412,3272.21,5335.12,0.6133339081407728,0
413,3174.9,5335.12,0.5950943933782183,0
414,3156.75,5335.12,0.5916924080433055,0
415,3130.35,5335.12,0.5867440657379778,0
416,3074.94,5335.12,0.5763581700130457,0
417,3078.22,5335.12,0.5769729640570409,0
418,3062.5,5335.12,0.5740264511388685,0
419,3189.33,5335.12,0.5977991122973804,0
420,3163.99,5335.12,0.5930494534330999,0
421,3110.36,5335.12,0.5829971959393604,0
422,3077.16,4637.05,0.6636029372122362,0
423,3154.2,4336.2,0.7274110972741109,0
424,3192.28,4176.28,0.7643836141254897,0
425,3276.28,4176.28,0.7844972080416065,0
426,3225.16,4176.28,0.7722566494583697,0
427,3203.93,4176.28,0.7671731780436177,0
428,3205.11,4073.54,0.7868119620772105,0
429,3294.23,4073.54,0.8086897391458044,0
430,3365.02,4073.54,0.826067744517054,0
431,3307.09,3838.2,0.8616252409983848,0
432,3314.11,3838.2,0.8634542233338545,0
433,3318.04,3838.2,0.8644781407951644,0
434,3238.73,3838.2,0.8438148090250639,0
435,3275.67,3838.2,0.8534391120837893,0
436,3253.28,3838.2,0.8476056484810589,0
437,3305.85,3838.2,0.8613021728935438,0
438,3327.74,3838.2,0.8670053670991611,0
439,3340.13,3838.2,0.870233442759627,0
440,3354.17,3838.2,0.8738914074305665,0
441,3417.22,3838.2,0.8903183784065447,0
442,3417.46,3838.2,0.8903809077171592,0
443,3521.3,3838.2,0.9174352561096348,0
444,3528.95,3838.2,0.9194283778854672,0
445,3493.7,3838.2,0.9102443853889844,0
446,3346.03,3838.2,0.8717706216455631,0
447,3307.6,3838.2,0.8617581157834402,0
448,3310.08,3838.2,0.8624042519931218,0
449,3347.67,3838.2,0.8721979052680945,0
450,3319.91,3731.0,0.8898177432323774,0
451,3354.89,3528.95,0.9506765468482127,0
452,3387.96,3528.95,0.9600476062284816,0
453,3364.49,3528.95,0.9533969027614446,0
454,3413.49,3528.95,0.9672820527352328,0
455,3421.44,3528.95,0.9695348474758781,0
456,3473.85,3528.95,0.984386290539679,0
457,3427.86,3528.95,0.9713540854928521,0
458,3427.89,3528.95,0.9713625866050808,0
459,3445.81,3528.95,0.9764405843097805,0
460,3489.6,3528.95,0.9888493744598252,0
461,3456.05,3528.95,0.9793422972838948,0
462,3517.46,3528.95,0.9967440740163506,0
463,3486.5,3528.95,0.9879709261961774,0
464,3466.79,3528.95,0.982385695461823,0
465,3439.75,3528.95,0.9747233596395529,0
466,3382.55,3528.95,0.9585145723232124,0
467,3385.38,3528.95,0.9593165105768006,0
468,3403.85,3528.95,0.9645503620056958,0
469,3480.43,3528.95,0.9862508678218733,0
470,3486.51,3528.95,0.9879737599002537,0
471,3576.17,3528.95,1.01338075064821,0
472,3518.76,3576.17,0.9839465126098592,0
473,3622.88,3576.17,1.0130614596062268,0
474,3666.8,3622.88,1.0121229519056663,0
475,3655.93,3666.8,0.9970355623431875,0
476,3703.09,3666.8,1.0098969128395332,0
477,3728.6,3703.09,1.0068888414810333,0
478,3721.89,3728.6,0.9982003969318243,0
479,3707.58,3728.6,0.9943624953065494,0
480,3647.35,3728.6,0.9782089792415384,0
481,3724.67,3728.6,0.998945985088237,0
482,3795.75,3728.6,1.0180094405406854,0
483,3830.54,3795.75,1.0091655140617797,0
484,3825.99,3830.54,0.9988121779174737,0
485,3831.3,3830.54,1.0001984054467516,0
486,3837.73,3831.3,1.0016782815232428,0
487,3836.5,3837.73,0.9996794980365997,0
488,3921.0,3837.73,1.0216977223514943,0
489,3926.85,3921.0,1.0014919663351185,0
490,4021.97,3926.85,1.024222977704776,0
491,3992.7,4021.97,0.9927224718235094,0
492,4111.91,4021.97,1.0223621757496948,0
493,4120.85,4111.91,1.0021741721000703,0
494,4104.2,4120.85,0.9959595714476381,0
495,3998.14,4120.85,0.9702221629032844,0
496,4003.38,4120.85,0.9714937452224662,0
497,3980.86,4120.85,0.9660288532705631,0
498,4054.6,4120.85,0.9839232197240859,0
499,4030.85,4120.85,0.9781598456629093,0
500,4138.75,4120.85,1.0043437640292656,0
501,4225.0,4138.75,1.0208396254907883,0
502,4285.4,4225.0,1.0142958579881656,0
503,4381.3,4285.4,1.0223783077425679,0
504,4271.23,4381.3,0.9748773195170382,0
505,3840.65,4381.3,0.8766005523474768,1
506,3966.96,4381.3,0.9054298952365736,1
507,4071.09,4381.3,0.9291968137310844,0
508,4016.46,4381.3,0.9167279118069979,1
509,4108.87,4381.3,0.9378198251660466,0
510,4056.42,4381.3,0.9258484924565767,0
511,3904.94,4381.3,0.8912742793234885,1
512,3898.5,4381.3,0.8898043959555383,1
513,3854.86,4381.3,0.879843881952845,1
514,3871.14,4381.3,0.8835596740693401,0
515,3760.85,4381.3,0.8583867801793987,1
516,3756.88,4381.3,0.8574806564261749,1
517,3774.6,4381.3,0.8615251181156277,0
518,3872.84,4381.3,0.8839476867596375,0
519,3903.06,4381.3,0.8908451829365713,0
520,3816.5,4381.3,0.8710884897176636,0
521,3770.59,4381.3,0.8606098646520439,0
522,3779.62,4381.3,0.8626708967658,0
523,3753.43,4381.3,0.8566932189076301,0
524,3608.9,4381.3,0.8237052929495812,0
525,3510.98,4381.3,0.8013557619884509,1
526,3365.12,4381.3,0.768064273160934,1
527,3492.69,4381.3,0.7971812019263689,0
528,3492.89,4381.3,0.7972268504781685,0
529,3521.23,4381.3,0.8036952502681852,0
530,3315.28,4381.3,0.7566886540524502,0
531,3405.02,4381.3,0.7771711592449729,0
532,3229.62,4381.3,0.7371373793166411,0
533,3325.33,4381.3,0.7589824937803847,0
534,3334.5,4381.3,0.7610754798804008,0
535,3277.64,4381.3,0.7480975966037476,0
536,3242.09,4381.3,0.7399835665213521,0
537,3410.49,4381.3,0.7784196471366945,0
538,3438.86,4381.3,0.7848948942094812,0
539,3170.73,4381.3,0.7236961632392213,0
540,3134.95,4381.3,0.7155296373222558,0
541,3173.64,4381.3,0.7243603496679067,0
542,3290.25,4381.3,0.7509757377947184,0
543,3167.44,4381.3,0.7229452445621163,0
544,3257.67,4381.3,0.7435395887065482,0
545,3143.48,4381.3,0.7174765480565128,0
546,3172.69,4381.3,0.7241435190468583,0
547,3181.56,4381.3,0.7261680323191746,0
548,3165.91,4381.3,0.7225960331408485,0
549,3029.4,4381.3,0.6914386141099673,0
550,3010.65,4381.3,0.687159062378746,0
551,3035.87,4381.3,0.6929153447606874,0
552,3094.78,4381.3,0.7063611256932874,0
553,3168.17,4381.3,0.7231118617761851,0
554,3184.47,4381.3,0.7268322187478602,0
555,3247.4,4381.3,0.741195535571634,0
556,3338.7,4271.23,0.7816717900932518,0
557,3520.12,4108.87,0.8567124294514064,0
558,3749.71,4108.87,0.9125891060072477,0
559,3657.58,4108.87,0.8901668828656054,0
560,3745.01,4108.87,0.9114452392020191,0
561,3833.8,4108.87,0.9330545867842011,0
562,3872.34,4056.42,0.9546200837191415,0
563,4062.23,3904.94,1.040279748216362,0
564,3988.62,4062.23,0.9818794110623967,0
565,4120.61,4062.23,1.0143714166849243,0
566,3889.27,4120.61,0.9438578268751472,0
567,3913.21,4120.61,0.9496676462950875,0
568,3730.45,4120.61,0.905314989770932,0
569,3648.76,4120.61,0.8854902550835921,0
570,3593.91,4120.61,0.8721791191110054,0
571,3629.79,4120.61,0.8808865677654523,0
572,3564.68,4120.61,0.8650855091843198,0
573,3654.88,4120.61,0.8869754720781633,0
574,3833.94,4120.61,0.9304302032951433,0
575,3825.59,4120.61,0.9284038042911124,0
576,3893.2,4120.61,0.9448115691608767,0
577,3808.73,4120.61,0.924312177080578,0
578,3807.96,4120.61,0.9241253115436793,0
579,3858.57,4120.61,0.936407473650746,0
580,3747.44,4120.61,0.9094381657084752,0
581,3633.53,4120.61,0.8817942003732459,0
582,3710.54,4120.61,0.9004831808882666,0
583,3820.86,4120.61,0.9272559159930206,0
584,3799.59,4120.61,0.9220940588893393,0
585,3948.51,4120.61,0.9582343390905717,0
586,3972.38,4120.61,0.9640271707344302,0
587,3935.65,4120.61,0.9551134419418486,0
588,3852.65,4120.61,0.9349707931592653,0
589,3814.53,4120.61,0.9257197356702043,0
590,3911.73,4120.61,0.9493084761722173,0
591,3869.38,4120.61,0.9390308716427909,0
592,3896.79,4120.61,0.9456827993913524,0
593,3952.39,4120.61,0.9591759472505285,0
594,3973.01,4120.61,0.9641800607191655,0
595,3877.09,4120.61,0.940901953836932,0
596,3849.99,4120.61,0.9343252576681608,0
597,3828.67,4120.61,0.9291512664387069,0
598,3902.39,4120.61,0.9470418214778881,0
599,3968.22,4120.61,0.9630176114701464,0
600,4017.25,4120.61,0.9749163352027977,0
601,4022.03,4120.61,0.9760763576266622,0
602,4144.96,4120.61,1.005909319251276,0
603,4163.18,4144.96,1.0043956998378754,0
604,4154.85,4163.18,0.9979991256683594,0
605,4003.9,4163.18,0.9617407846886274,0
606,3899.87,4163.18,0.936752674638137,0
607,3987.73,4163.18,0.9578567345154425,0
608,4149.49,4163.18,0.9967116483073034,0
609,3940.05,4163.18,0.9464039508260512,0
610,4138.51,4163.18,0.9940742413251409,0
611,3895.31,4163.18,0.9356573580772389,0
612,3653.22,4163.18,0.8775070979395557,0
613,3710.06,4163.18,0.8911601227907512,0
614,3713.22,4163.18,0.8919191579513736,0
615,3769.18,4163.18,0.9053608059223958,0
616,3839.49,4163.18,0.9222493382462443,0
617,3796.97,4163.18,0.9120359917178694,0
618,3912.58,4163.18,0.9398056293506405,0
619,3963.62,4163.18,0.9520654884006936,0
620,3912.82,4163.18,0.9398632775906879,0
621,3824.06,4163.18,0.9185430368132053,0
622,3867.02,4163.18,0.9288620717816668,0
623,4001.25,4163.18,0.9611042520381055,0
624,4003.08,4163.18,0.9615438198684658,0
625,4098.71,4163.18,0.9845142415173016,0
626,4138.99,4163.18,0.9941895378052353,0
627,4419.6,4163.18,1.0615923404705057,0
628,4753.13,4419.6,1.0754661055299122,0
629,4544.7,4753.13,0.9561488955698665,0
630,4505.59,4753.13,0.947920633351076,0
631,4695.05,4753.13,0.9877806834654217,0
632,4707.93,4753.13,0.9904904768016024,0
633,4704.63,4753.13,0.9897961974530467,0
634,4718.84,4753.13,0.9927858064054633,0
635,4844.27,4753.13,1.019174733281017,0
636,4770.22,4844.27,0.9847138991014126,0
637,4627.28,4844.27,0.9552068732750237,0
638,4737.09,4844.27,0.977874891366501,0
639,4570.02,4844.27,0.9433867228705254,0
640,4587.4,4844.27,0.9469744667411187,0
641,4681.14,4844.27,0.9663251635437331,0
642,4791.68,4844.27,0.9891438751349533,0
643,4718.49,4844.27,0.97403530356483,0
644,4695.33,4844.27,0.9692543974633948,0
645,4885.72,4844.27,1.0085565007730783,0
646,4856.85,4885.72,0.9940909425836929,0
647,4943.29,4885.72,1.011783319551673,0
648,4980.77,4943.29,1.0075819949871443,0
649,5065.92,4980.77,1.0170957502554825,0
650,4889.63,5065.92,0.9652007927484051,0
651,4999.97,5065.92,0.9869816341355568,0
652,5042.01,5065.92,0.9952802255069169,0
653,5211.29,5065.92,1.0286956762049144,0
654,5495.43,5211.29,1.0545239278566345,0
655,5458.08,5495.43,0.9932034435885817,0
656,5569.78,5495.43,1.0135294235391952,0
657,5351.96,5569.78,0.9608925307642313,0
658,5483.41,5569.78,0.9844931038568848,0
659,5807.72,5569.78,1.0427198201724306,0
660,5778.84,5807.72,0.9950273084790588,0
661,5336.76,5807.72,0.9189079363330188,0
662,5262.8,5807.72,0.9061731626180325,0
663,5146.38,5807.72,0.8861274303857624,0
664,5007.09,5807.72,0.8621438361353508,0
665,5037.99,5807.72,0.8674643405673826,0
666,5161.56,5807.72,0.8887411927572266,0
667,5035.34,5807.72,0.8670080513523379,0
668,4966.18,5807.72,0.8550997637627158,0
669,5135.45,5807.72,0.8842454526044643,0
670,5123.49,5807.72,0.8821861246754319,0
671,4996.05,5807.72,0.8602429180470132,0
672,5110.59,5807.72,0.8799649432135158,0
673,5134.15,5807.72,0.8840216126121782,0
674,5321.09,5807.72,0.9162098035029237,0
675,5282.28,5807.72,0.9095273188101354,0
676,5224.7,5807.72,0.8996129289979544,0
677,5102.47,5807.72,0.8785668041847747,0
678,5239.97,5807.72,0.9022421879842693,0
679,5081.12,5807.72,0.8748906627729987,0
680,5069.44,5807.72,0.8728795465346124,0
681,5094.77,5807.72,0.8772409826920031,0
682,5089.23,5807.72,0.8762870799556451,0
683,4811.17,5807.72,0.8284094274517366,0
684,4921.56,5807.72,0.8474168864890181,0
685,4945.98,5807.72,0.8516216346518082,0
686,4769.27,5807.72,0.8211948923157453,0
687,4827.04,5807.72,0.831141997203722,0
688,4843.06,5807.72,0.8339003946471248,0
689,5013.52,5807.72,0.86325098317412,0
690,4855.94,5807.72,0.836118132416852,0
691,4849.43,5807.72,0.8349972106093269,0
692,4866.38,5807.72,0.837915739739519,0
693,4929.94,5807.72,0.8488597935162162,0
694,4932.11,5807.72,0.8492334341187247,0
695,4959.73,5807.72,0.8539891730317576,0
696,4908.77,5807.72,0.8452146453341415,0
697,4842.35,5807.72,0.8337781435744148,0
698,4888.37,5807.72,0.8417020793013437,0
699,4890.06,5807.72,0.8419930712913157,0
700,4860.13,5807.72,0.8368395859304512,0
701,4901.02,5807.72,0.8438802146108972,0
702,5055.12,5807.72,0.8704138629272761,0
703,4954.76,5807.72,0.8531334155227869,0
704,4921.34,5807.72,0.8473790058749389,0
705,4940.37,5807.72,0.8506556789927888,0
706,4822.37,5807.72,0.8303378950775864,0
707,4726.73,5807.72,0.8138701590297052,0
708,4779.31,5807.72,0.822923625794632,0
709,4563.77,5807.72,0.7858109550735918,0
710,4601.4,5807.72,0.7922902619272278,0
711,4651.24,5807.72,0.8008719428622592,0
712,4573.42,5778.84,0.791407964228115,0
713,4496.43,5336.76,0.8425392935039238,0
714,4306.52,5321.09,0.8093304191434463,0
715,4265.9,5321.09,0.8016966448603575,0
716,4174.57,5321.09,0.7845328682657124,0
717,4276.16,5321.09,0.8036248212302366,0
718,4230.77,5321.09,0.7950946140734324,0
719,4188.75,5321.09,0.787197735802251,0
720,4013.25,5321.09,0.7542157715806348,1
721,4016.24,5321.09,0.7547776865266327,0
722,3908.82,5321.09,0.7345900933831226,1
723,3988.6,5321.09,0.7495832620760032,0
724,4077.6,5321.09,0.7663091584618941,0
725,4001.3,5321.09,0.7519699911108438,0
726,4089.57,5321.09,0.7685586975600864,0
727,4238.99,5282.28,0.8024924843060194,0
728,4309.04,5239.97,0.822340585919385,0
729,4394.77,5239.97,0.8387013666108776,0
730,4466.72,5239.97,0.8524323612539767,0
731,4428.78,5094.77,0.8692796730765078,0
732,4248.53,5094.77,0.8339002545747893,0
733,4238.23,5094.77,0.8318785735175482,0
734,4170.1,5089.23,0.8193970404167233,0
735,4156.91,5055.12,0.8223167798192723,0
736,4191.15,5055.12,0.8290901106205193,0
737,4151.07,5055.12,0.821161515453639,0
738,4107.55,5055.12,0.8125524220987831,0
739,4023.61,5055.12,0.7959474750352119,0
740,4093.79,5055.12,0.80983042934688,0
741,3932.68,5055.12,0.7779597714792131,0
742,3856.02,5055.12,0.7627949484878698,0
743,3804.89,5055.12,0.752680450711358,0
744,3842.47,5055.12,0.7601144977765117,0
745,3742.89,5055.12,0.7404156577885391,0
746,3541.33,5055.12,0.7005432116349365,1
747,3767.17,5055.12,0.7452187089525076,0
748,3788.44,5055.12,0.7494263242019972,0
749,3801.57,5055.12,0.7520236908322652,0
750,3775.78,5055.12,0.746921932614854,0
751,3870.95,5055.12,0.7657483897513807,0
752,3998.24,5055.12,0.7909288008988906,0
753,3954.23,5055.12,0.7822227761160961,0
754,3828.22,5055.12,0.7572955735966703,0
755,3871.63,4954.76,0.7813960716563466,0
