week,index_level,max_52,ML,mean_52,std_52,mean-2.5*std,CC
1,3650.7,,,,,,0
2,3783.73,,,,,,0
3,3272.5,,,,,,0
4,3803.07,,,,,,0
5,3959.12,,,,,,0
6,3878.92,,,,,,0
7,3936.12,,,,,,0
8,3675.15,,,,,,0
9,3611.33,,,,,,0
10,3489.5,,,,,,0
11,2979.12,,,,,,0
12,2849.67,,,,,,0
13,2816.02,,,,,,0
14,2741.85,,,,,,0
15,2953.5,,,,,,0
16,2815.46,,,,,,0
17,2939.2,,,,,,0
18,2840.79,,,,,,0
19,2591.46,,,,,,0
20,2447.62,,,,,,0
21,2404.93,,,,,,0
22,2391.64,,,,,,0
23,2183.43,,,,,,0
24,2077.85,,,,,,0
25,2073.11,,,,,,0
26,2243.66,,,,,,0
27,1906.96,,,,,,0
28,1833.26,,,,,,0
29,1781.6,,,,,,0
30,1663.66,,,,,,0
31,1677.83,,,,,,0
32,1943.65,,,,,,0
33,1920.74,,,,,,0
34,1829.92,,,,,,0
35,2013.18,,,,,,0
36,1960.38,,,,,,0
37,2052.11,,,,,,0
38,1862.1,,,,,,0
39,1817.72,,,,,,0
40,1918.37,,,,,,0
41,1990.21,,,,,,0
42,2032.68,,,,,,0
43,2237.28,,,,,,0
44,2399.07,,,,,,0
45,2344.32,,,,,,0
46,2140.49,,,,,,0
47,2286.58,,,,,,0
48,2205.42,,,,,,0
49,2379.84,,,,,,0
50,2498.93,,,,,,0
51,2570.5,,,,,,0
52,2595.53,3959.12,0.6555825536988018,,,,0
53,2650.69,3959.12,0.6695149427145427,,,,0
54,2572.89,3959.12,0.649864111216634,,,,0
55,2622.93,3959.12,0.6625032835579624,,,,0
56,2789.22,3959.12,0.7045050415243791,,,,0
57,2796.12,3959.12,0.7062478530582553,,,,0
58,2740.68,3936.12,0.6962897472638029,,,,0
59,2759.71,3936.12,0.7011244575876752,,,,0
60,2939.31,3675.15,0.799779600832619,,,,0
61,2906.29,3611.33,0.8047699877884326,,,,0
62,3080.0,3489.5,0.8826479438314945,,,,0
63,3128.42,3080.0,1.0157207792207792,,,,0
64,3327.14,3128.42,1.0635208827459228,,,,0
65,3398.31,3327.14,1.0213907440023564,,,,0
66,3519.81,3398.31,1.0357530654943192,,,,0
67,3667.56,3519.81,1.0419766976058367,,,,0
68,3734.62,3667.56,1.0182846361068394,,,,0
69,3555.1,3734.62,0.9519308524026541,,,,0
70,3344.46,3734.62,0.8955288623742175,,,,0
71,3203.62,3734.62,0.8578168595466206,,,,0
72,3046.78,3734.62,0.8158206189652496,,,,0
73,3077.14,3734.62,0.8239499601030359,,,,0
74,3238.13,3734.62,0.8670574248517922,,,,0
75,3199.69,3734.62,0.8567645436483498,,,,0
76,3058.53,3734.62,0.8189668560656774,,,,0
77,3004.81,3734.62,0.8045825278073807,,,,0
78,3163.71,3734.62,0.8471303639995502,,,,0
79,3241.71,3734.62,0.8680160230491991,,,,0
80,3413.25,3734.62,0.9139484070668502,,,,0
81,3280.37,3734.62,0.8783678125217559,,,,0
82,3483.02,3734.62,0.9326303613219016,,,,0
83,3518.72,3734.62,0.9421895668100101,,,,0
84,3631.01,3734.62,0.9722568828957164,,,,0
85,3382.51,3734.62,0.9057173152824117,,,,0
86,3643.49,3734.62,0.9755985883436601,,,,0
87,3575.02,3734.62,0.9572647284061029,,,,0
88,3391.74,3734.62,0.90818878493662,,,,0
89,3424.78,3734.62,0.9170357358981638,,,,0
90,3575.68,3734.62,0.9574414532134461,,,,0
91,3480.13,3734.62,0.9318565208776262,,,,0
92,3482.74,3734.62,0.9325553871612104,,,,0
93,3366.2,3734.62,0.9013500704221581,,,,0
94,3204.16,3734.62,0.8579614525708104,,,,0
95,3153.09,3734.62,0.8442867011904827,,,,0
96,3251.28,3734.62,0.8705785327556753,,,,0
97,3281.67,3734.62,0.87871590683925,,,,0
98,3259.76,3734.62,0.8728491787651756,,,,0
99,3233.13,3734.62,0.8657186005537378,,,,0
100,3293.87,3734.62,0.8819826381265028,,,,0
101,3275.0,3734.62,0.8769299152256455,,,,0
102,3407.35,3734.62,0.912368594395146,,,,0
103,3379.17,3734.62,0.9048229806513113,,,,0
104,3356.33,3734.62,0.8987072312577986,0.8717241795633801,0.1035032837011508,0.716469254011654,0
105,3190.0,3734.62,0.8541699021587204,0.8763996541318224,0.09893883790875099,0.727991397268696,0
106,3067.37,3734.62,0.8213338974246376,0.8799507110442103,0.09458586033779386,0.7380719205375195,0
107,2836.79,3734.62,0.7595926760955599,0.8832482069328258,0.08924535471752795,0.7493801748565339,0
108,2868.02,3734.62,0.7679549726612078,0.8851153106354718,0.08547244635921852,0.756906641096644,0
109,2768.79,3734.62,0.7413846656420198,0.8863355016188724,0.08326799962866133,0.7614335021758805,1
110,2850.3,3734.62,0.763210179348903,0.8870112095531757,0.0819094417853947,0.7641470468750836,1
111,2744.39,3734.62,0.7348512030675142,0.8882981409394275,0.07933953916624938,0.7692888321900534,1
112,2758.87,3734.62,0.7387284382346798,0.888946732198655,0.07790428848237974,0.7720902994750855,1
113,2696.17,3734.62,0.7219395815370775,0.8877726713794639,0.07971346567534136,0.7682024728664518,1
114,2736.29,3734.62,0.7326823077046661,0.8861797789515532,0.08219361353286718,0.7628893586522525,1
115,2534.11,3734.62,0.6785456083885376,0.8832958244106528,0.0849061536290063,0.7559365939671434,1
116,2647.1,3734.62,0.7088003598759713,0.8768116865100327,0.08743196717941648,0.7456637357409079,1
117,2616.13,3734.62,0.7005076821738223,0.8699901379933029,0.08641095743308667,0.7403737018436729,1
118,2793.08,3734.62,0.7478886740819681,0.8638193098812157,0.08684351228228672,0.7335540414577856,0
119,2868.85,3734.62,0.7681772174946848,0.858283456200209,0.08482007459258413,0.7310533443113327,0
120,2897.66,3734.62,0.7758915231000745,0.8530180815826868,0.08163176143585663,0.7305704394289019,0
121,2855.55,3643.49,0.7837403149178399,0.8483566755633258,0.07888394894937363,0.7300307521392654,0
122,2898.33,3643.49,0.7954818045335653,0.8451222421501561,0.0779970097912407,0.728126727463295,0
123,2858.57,3643.49,0.7845691905288612,0.8431982602686051,0.07796317221497143,0.726253501946148,0
124,2920.21,3643.49,0.801487035781627,0.8417896512490329,0.07835459298815882,0.7242577617667947,0
125,2932.55,3643.49,0.8048738983776544,0.8415140054185787,0.07847286449226103,0.7238047086801871,0
126,2861.37,3643.49,0.7853376844728543,0.8411471580777061,0.0786010673599464,0.7232455570377865,0
127,2857.48,3643.49,0.7842700268149495,0.8395756246088804,0.07888928049263672,0.7212417038699253,0
128,2935.57,3643.49,0.8057027739886757,0.8381814992851612,0.07921943106567018,0.7193523526866559,0
129,3044.23,3643.49,0.8355258282580713,0.8379264207836804,0.07930382292758835,0.7189706863922979,0
130,3327.68,3643.49,0.913322116981246,0.8385214842538861,0.07916468901084302,0.7197744507376216,0
131,3378.66,3643.49,0.9273141960043805,0.8397944025804572,0.07983515030629418,0.720041677121016,0
132,3379.98,3643.49,0.9276764860065487,0.8409347520603645,0.08066535157543964,0.719936724697205,0
133,3520.8,3643.49,0.9663262421469526,0.8411987535784357,0.08093102322604637,0.7198022187393661,0
134,3291.83,3643.49,0.9034826498769037,0.8428902618404587,0.08262458490696534,0.7189533844800107,0
135,3178.85,3643.49,0.8724739192367758,0.842329728928055,0.08210105410764369,0.7191781477665895,0
136,3194.85,3643.49,0.8768653132024515,0.8409890433978006,0.08100023669688514,0.7194886883524728,0
137,3158.16,3643.49,0.8667952979149113,0.8391545901344684,0.07902516666213014,0.7206168401412731,0
138,3161.98,3643.49,0.8678437432242164,0.838406089800478,0.0785653349279431,0.7205580874085634,0
139,3225.66,3575.68,0.9021109271523179,0.8363338812404886,0.07626316764985337,0.7219391297657085,0
140,3162.96,3575.68,0.8845758009665295,0.8352732312163772,0.07492001732979499,0.7228932052216848,0
141,3128.26,3575.68,0.8748713531412208,0.8348191353707984,0.07454000132620625,0.7230091333814891,0
142,3166.62,3575.68,0.8855993824950779,0.8340082818562418,0.0738542846330128,0.7232268549067226,0
143,3091.86,3520.8,0.8781697341513293,0.8326267035731962,0.07215232548539559,0.7243982153451028,0
144,2983.46,3520.8,0.847381276982504,0.8315942653669212,0.07108073901745647,0.7249731568407365,0
145,3036.74,3520.8,0.8625142013178821,0.8299563017096385,0.06967608726259054,0.7254421708157527,0
146,3077.28,3520.8,0.8740286298568507,0.8292094580730177,0.06910159560055026,0.7255570646721923,0
147,3120.96,3520.8,0.8864349011588275,0.8295184422515953,0.06926839993535988,0.7256158423485555,0
148,3211.88,3520.8,0.9122585775960009,0.8303289845586789,0.06968991426073015,0.7257941131675837,0
149,3197.62,3520.8,0.908208361735969,0.8311305238825312,0.07039801628267206,0.7255334994585231,0
150,3270.67,3520.8,0.9289564871620086,0.8316976864766988,0.07090587698244061,0.725338871003038,0
151,3247.38,3520.8,0.9223415132924335,0.8327766731766378,0.07196337615334046,0.7248316089466271,0
152,3215.69,3520.8,0.9133407180186321,0.8338655753446899,0.07289397835077324,0.72452460781853,0
153,3294.48,3520.8,0.9357191547375596,0.8344686153426154,0.07342760506515382,0.7243272077448847,0
154,3272.73,3520.8,0.9295415814587593,0.8355991776409215,0.07453838559835825,0.7237915992433841,0
155,3353.36,3520.8,0.9524426266757555,0.8359294273921447,0.07492224437606292,0.7235460608280504,0
156,3358.94,3520.8,0.9540274937514202,0.8368451898156917,0.07606316692089697,0.7227504394343462,0
157,3299.94,3520.8,0.9372699386503067,0.8379090410174921,0.07732181300944047,0.7219263215033314,0
158,3192.72,3520.8,0.9068166325835036,0.8395071186423303,0.07851403935712921,0.7217360596066364,0
159,3121.4,3520.8,0.8865598727561917,0.8411510173953857,0.07901935142991798,0.7226219902505087,0
160,3128.09,3520.8,0.8884600090888435,0.8435926942542439,0.07840907575073734,0.7259790806281379,0
161,3121.6,3520.8,0.8866166780277209,0.8459100988009293,0.07790893291903202,0.7290466994223812,0
162,2963.31,3520.8,0.8416581458759372,0.8487030221160391,0.07668189074753874,0.733680185994731,0
163,2986.35,3520.8,0.8482021131561008,0.8502116368569437,0.07573275862254661,0.7366124989231237,0
164,2961.93,3520.8,0.8412661895023857,0.8523914620509548,0.07395771320782427,0.7414548922392185,0
165,2892.16,3520.8,0.8214496705294251,0.8543633418830261,0.07221417044580168,0.7460420862143236,0
166,3027.47,3520.8,0.8598812769825038,0.8562769974405714,0.06991816455824984,0.7513997506031966,0
167,3049.75,3520.8,0.8662093842308566,0.8587231314651452,0.06769919544637061,0.7571743382955893,0
168,3109.18,3520.8,0.8830890706657577,0.8623320502313436,0.06272521385398847,0.768244229450361,0
169,3128.89,3520.8,0.8886872301749602,0.8656837562080703,0.05890034530754745,0.777333238246749,0
170,3067.99,3520.8,0.8713900249943194,0.8693025936696306,0.05414157507435568,0.7880902310580971,0
171,2972.08,3520.8,0.8441490570324925,0.8716776196487144,0.051347817471071054,0.7946558934421077,0
172,2897.42,3520.8,0.822943649170643,0.873138616562903,0.04938861705039985,0.7990556909873032,0
173,2875.37,3520.8,0.8166808679845489,0.8740434651411833,0.04798303881640035,0.8020689069165827,0
174,2807.66,3520.8,0.7974494433083389,0.8746769373155429,0.046974318057512204,0.8042154602292746,1
175,2901.22,3520.8,0.8240229493296977,0.87471477652275,0.046910021657188064,0.8043497440369679,0
176,2803.85,3520.8,0.7963673028857077,0.8754735026535351,0.04572757283748865,0.8068821433973021,1
177,2751.1,3520.8,0.7813849125198817,0.8753750462516906,0.045895201656373674,0.8065322437671301,1
178,2733.99,3520.8,0.7765252215405588,0.8749233349851951,0.04671103691152776,0.8048567796179035,1
179,2669.48,3520.8,0.7582026812088162,0.8747538645441892,0.047057135887907026,0.8041681607123287,1
180,2581.35,3520.8,0.7331714383094751,0.874252569436379,0.048165739583409674,0.8020039600612645,1
181,2653.78,3520.8,0.7537434673937742,0.8728577360579328,0.051147710723806326,0.7961361699722234,1
182,2507.88,3520.8,0.7123040218132243,0.8712849983490041,0.05352045959956064,0.7910043089496631,1
183,2709.02,3520.8,0.7694330833901386,0.867419265749619,0.057533821040063035,0.7811185341895245,1
184,2763.75,3520.8,0.7849778459441036,0.8643830905070373,0.05846931544429397,0.7766791173405964,0
185,2695.0,3520.8,0.7654510338559418,0.8616388858904519,0.05878829548008518,0.7734564426703241,1
186,2606.5,3358.94,0.7759888536264417,0.8577759011156249,0.058372692112234,0.7702168629472739,0
187,2569.97,3358.94,0.7651133988698815,0.8553240973415774,0.05908839421723994,0.7666915060157176,1
188,2557.31,3358.94,0.7613443526826915,0.8532594719499064,0.06033981376112201,0.7627497513082233,1
189,2503.46,3358.94,0.7453125093035303,0.8510379150168341,0.061567763779779565,0.7586862693471648,1
190,2390.13,3358.94,0.7115726985298934,0.8487017075435384,0.06324025518635416,0.7538413247640071,1
191,2359.16,3358.94,0.7023525278808195,0.8456964951455704,0.06596703626900097,0.746745940742069,1
192,2345.74,3358.94,0.6983572198372104,0.8418549874672725,0.06838926572230646,0.7392710888838128,1
193,2290.6,3358.94,0.6819413267280748,0.8382738609070934,0.07093650074977167,0.7318691097824359,1
194,2394.33,3358.94,0.7128230929995772,0.8345636680914559,0.07396554858835988,0.723615345208916,1
195,2504.09,3358.94,0.7455000684739829,0.8312410471396193,0.0754928998916238,0.7180016973021837,0
196,2506.09,3358.94,0.7460954944119276,0.828689707415055,0.07611508353338386,0.7145170821149792,0
197,2533.62,3358.94,0.7542915324477364,0.8267419039040823,0.07691910028888166,0.7113632534707598,0
198,2537.09,3358.94,0.7553245964500706,0.8246606987335027,0.07739485124178982,0.7085684218708179,0
199,2648.02,3358.94,0.7883498960981739,0.8223779288602954,0.07766032643491397,0.7058874392079244,0
200,2679.93,3358.94,0.7978499169380816,0.8204916787629751,0.07726413061497846,0.7045954828405074,0
201,2664.3,3358.94,0.7931966632330438,0.8182915122118614,0.07622165913847023,0.703959023504156,0
202,2623.52,3358.94,0.7810559283583511,0.8160797487791129,0.07522347625324129,0.703244534399251,0
203,2552.94,3358.94,0.7600433470082824,0.8132355072636579,0.0736515358491828,0.7027582034898837,0
204,2454.9,3358.94,0.7308555675302327,0.8101143886812705,0.07236491389553554,0.7015670178379672,0
205,2519.83,3358.94,0.7501860706056077,0.8066050588641859,0.07168238824372418,0.6990814764985996,0
206,2580.45,3358.94,0.7682334307847117,0.8030371149385714,0.0697203496389878,0.6984565904800898,0
207,2626.84,3358.94,0.7820443354153394,0.7999350351179166,0.06753572917351681,0.6986314413576414,0
208,2626.16,3358.94,0.7818418905964382,0.7966581449013703,0.06403398999741736,0.7006071599052442,0
209,2715.88,3299.94,0.8230089031921792,0.7933468833022361,0.06006568357059506,0.7032483579463435,0
210,2636.92,3192.72,0.8259164599463781,0.7911495556972722,0.05669269139167022,0.7061105186097668,0
211,2573.98,3128.89,0.8226495658204668,0.789593783146558,0.0545248867097947,0.707806453081866,0
212,2573.1,3128.89,0.8223683159203423,0.7883647387824095,0.052995160792388016,0.7088719975938276,0
213,2633.0,3128.89,0.8415124852583504,0.7870937446830152,0.0513133431422951,0.7101237299695725,0
214,2524.33,3128.89,0.8067813186145886,0.7862263563605273,0.049961451928805724,0.7112841784673187,0
215,2568.05,3128.89,0.8207543250162199,0.7855556481439628,0.049434034404015316,0.7114045965379399,0
216,2512.19,3128.89,0.8029013484015098,0.7850278060643496,0.048895605241345834,0.7116843982023309,0
217,2461.61,3128.89,0.7867358711875458,0.7842900206585638,0.048316398696283396,0.7118154226141387,0
218,2472.61,3128.89,0.7902514949390999,0.7836224475942968,0.048031885271768125,0.7115746196866446,0
219,2450.63,3128.89,0.7832266394791764,0.7822834133242312,0.04681952430960068,0.7120541268598302,0
220,2398.46,3128.89,0.7665529948320331,0.7806875913097758,0.045292157499190785,0.7127493550609897,0
221,2349.11,3128.89,0.7507806282739247,0.7784465129283581,0.042948421742920365,0.7140238803139776,0
222,2353.74,3067.99,0.7671928526494545,0.7757944628917995,0.04017597654697304,0.71553049807134,0
223,2399.75,2972.08,0.8074311593227639,0.7737906711159367,0.03784546763204617,0.7170224696678674,0
224,2313.48,2901.22,0.7974162593667492,0.7730845576984419,0.036836071252817924,0.717830450819215,0
225,2275.68,2901.22,0.7843872577743156,0.7725936463560592,0.03632513158847539,0.7181059489733461,0
226,2204.87,2901.22,0.7599802841563205,0.7719726153904779,0.03582928620784766,0.7182286860787064,0
227,2317.18,2901.22,0.7986915849194477,0.7712520546375544,0.035683349690126515,0.7177270301023646,0
228,2315.54,2803.85,0.8258430372523494,0.7707649130142803,0.03511722504390664,0.7180890754484204,0
229,2199.06,2763.75,0.7956797829036635,0.7713317540597926,0.03577040171469778,0.7176761514877459,0
230,2293.11,2763.75,0.8297096336499322,0.7716066554133268,0.03590385702550817,0.7177508698750645,0
231,2304.53,2763.75,0.8338417005879694,0.7726294325692764,0.036793222521719765,0.7174395987866967,0
232,2332.47,2763.75,0.8439511533242876,0.7740840290957985,0.03769578661286347,0.7175403491765033,0
233,2247.91,2763.75,0.8133550429669832,0.776214408230699,0.03846086906631857,0.7185231046312212,0
234,2306.77,2763.75,0.8346521935775667,0.7773607846840298,0.03866581485947218,0.7193620623948216,0
235,2240.92,2763.75,0.8108258706467661,0.7797136341410366,0.03835064318922063,0.7221876693572056,0
236,2177.24,2763.75,0.7877847127996381,0.7805096492805871,0.03856207009121148,0.7226665441437699,0
237,2192.68,2715.88,0.8073552587006789,0.7805636274893474,0.03857041078487958,0.722708011312028,0
238,2139.66,2715.88,0.7878330412242072,0.7813694779671307,0.038686051210379,0.7233404011515623,0
239,2246.76,2715.88,0.8272677732447679,0.7815972508055494,0.03868861797923693,0.723564323836694,0
240,2355.87,2715.88,0.8674425968746777,0.7827925272358356,0.03912700657131416,0.7241020173788644,0
241,2372.0,2715.88,0.873381739988512,0.7848328780856816,0.04072051736552307,0.7237521020373969,0
242,2480.05,2715.88,0.9131662665508049,0.7872957479065466,0.0421318683381173,0.7240979453993706,0
243,2524.41,2715.88,0.9294998306258008,0.791172547291564,0.04424922293524676,0.7247987128886939,0
244,2483.23,2715.88,0.9143371577536562,0.7955407646520445,0.046465440019037164,0.7258426046234887,0
245,2595.44,2715.88,0.9556534162039559,0.7996942249965914,0.0472543743069321,0.7288126635361932,0
246,2571.67,2715.88,0.9469011885650324,0.8049579190249736,0.049089465750005924,0.7313237203999647,0
247,2743.32,2715.88,1.0101035391843527,0.8094594208627709,0.05116369742657939,0.7327138747229018,0
248,2771.73,2743.32,1.0103560649140457,0.8145479491456625,0.05744984886528994,0.7283731758477276,0
249,2596.6,2771.73,0.9368156350005231,0.8196298831937804,0.06272205521307574,0.7255468003741667,0
250,2668.84,2771.73,0.9628787796791174,0.8231399620890261,0.0640862765686047,0.727010547236119,0
251,2606.93,2771.73,0.9405425492382014,0.8271313886895848,0.06620810463725546,0.7278192317337016,0
252,2539.87,2771.73,0.9163482734609792,0.8300581704807392,0.06780476898982711,0.7283510169959985,0
253,2618.31,2771.73,0.9446482882531848,0.8323369850292562,0.06868661371469917,0.7293070644572075,0
254,2495.08,2771.73,0.9001886908176482,0.8352495162796436,0.0701889819483115,0.7299660433571764,0
255,2483.55,2771.73,0.8960288339773355,0.8375405309423225,0.07032952815367616,0.7320462387118083,0
256,2462.11,2771.73,0.8882935928102665,0.8401556364609581,0.0699184147421804,0.7352780143476876,0
257,2533.83,2771.73,0.9141691290277191,0.8431832907932665,0.06848671125960107,0.7404532239038649,0
258,2447.31,2771.73,0.8829539673777749,0.8463368111475378,0.06789341313912572,0.7444966914388492,0
259,2492.91,2771.73,0.8994057862778841,0.848542975312789,0.06716571235167709,0.7477944067852733,0
260,2540.84,2771.73,0.9166982353981088,0.8507999262909149,0.06685849207517255,0.7505121881781561,0
261,2592.05,2771.73,0.9351740609655342,0.8533933175371009,0.06674660853293708,0.7532734047376952,0
262,2597.23,2771.73,0.9370429298669062,0.855550339801973,0.06755296134364125,0.7542208977865111,0
263,2606.43,2771.73,0.9403621564871036,0.8576873873004447,0.06835015451833698,0.7551621555229392,0
264,2484.16,2771.73,0.8962489131336746,0.8599510909671111,0.06911200441392179,0.7562830843462284,0
265,2416.77,2771.73,0.871935578140728,0.861371871682752,0.06908364149683806,0.7577464094374948,0
266,2317.39,2771.73,0.8360807149325511,0.8619569311612592,0.06904096865470334,0.7583954781792042,0
267,2200.64,2771.73,0.7939590075512405,0.8625203810904508,0.06870056434328814,0.7594695345755186,0
268,2226.85,2771.73,0.8034151955637814,0.8620050865238166,0.06911919168456171,0.758326298996974,0
269,2275.37,2771.73,0.8209205081303013,0.8620149682000141,0.06911061239135216,0.7583490496129859,0
270,2190.48,2771.73,0.7902934268489356,0.8626723650642979,0.06854073546593416,0.7598612618653966,0
271,2224.01,2771.73,0.8023905647375467,0.8626731714471793,0.06853986696784276,0.7598633709954151,0
272,2247.26,2771.73,0.8107788276635892,0.8630417084713786,0.06815474897159353,0.7608095850139883,0
273,2286.01,2771.73,0.8247592658736602,0.863892205256601,0.06719627135698122,0.7630977982211292,0
274,2304.14,2771.73,0.8313003070284624,0.8653148713642883,0.06551667865710388,0.7670398533786325,0
275,2286.93,2771.73,0.8250911885356799,0.866547707025423,0.06422451739559444,0.7702109309320314,0
276,2313.91,2771.73,0.8348251813849111,0.8668873229718254,0.06395189666736543,0.7709594779707772,0
277,2357.78,2771.73,0.8506528413662227,0.8676067253183285,0.06336278050715012,0.7725625545576034,0
278,2488.9,2771.73,0.8979590364140808,0.8688810634643266,0.0623139504217336,0.7754101378317262,0
279,2432.51,2771.73,0.8776143419452833,0.871534501007745,0.06049703931352582,0.7807889420374563,0
280,2394.97,2771.73,0.8640704541928687,0.873052246335165,0.05961733684001605,0.7836262410751409,0
281,2409.04,2771.73,0.8691467062087577,0.8737873889686365,0.05925839561773613,0.7848997955420323,0
282,2468.51,2771.73,0.890602620024317,0.8752002144168115,0.05822646320457951,0.7878605196099422,0
283,2426.05,2771.73,0.8752836676011012,0.8763712333855497,0.05790507888607136,0.7895136150564426,0
284,2368.56,2771.73,0.8545421090798887,0.8771681942896483,0.0575926023661819,0.7907792907403755,0
285,2384.96,2771.73,0.860458991315893,0.8773718665157177,0.05749146757676751,0.7911346651505665,0
286,2307.95,2771.73,0.8326748997918267,0.8782777116762737,0.056830317409011046,0.793032235562757,0
287,2350.73,2771.73,0.8481093035757451,0.8782396867957787,0.05686073272949424,0.7929485877015373,0
288,2397.96,2771.73,0.8651492028444329,0.8789566758905667,0.056225521876351256,0.7946183930760398,0
289,2438.94,2771.73,0.8799341927243995,0.8804444545452743,0.054770464533290826,0.798288757745338,0
290,2452.29,2771.73,0.8847506791787079,0.8818402032764998,0.053787330111674546,0.801159208108988,0
291,2406.64,2771.73,0.8682808210034887,0.8837040040063939,0.052119284394615426,0.8055250774144708,0
292,2278.14,2771.73,0.8219198839713825,0.8844927164632923,0.0515557739155974,0.8071590555898962,0
293,2303.48,2771.73,0.8310621885970134,0.8836172796766906,0.05223301667066549,0.8052677546706923,0
294,2290.78,2771.73,0.8264802127191322,0.882803442149931,0.05272301273099502,0.8037189230534385,0
295,2204.85,2771.73,0.7954779145154831,0.8811364026531681,0.05311316361989968,0.8014666572233186,1
296,2178.49,2771.73,0.7859676086776128,0.878559058112585,0.05396519401272625,0.7976112670934956,1
297,2245.68,2771.73,0.8102087865701204,0.8760904129380459,0.05521802697135055,0.7932633724810201,0
298,2202.45,2771.73,0.7946120293102141,0.8732934008297027,0.05479084338253813,0.7911071357558955,0
299,2212.48,2771.73,0.7982307078972338,0.8703647631517254,0.05484926125768773,0.7880908712651938,0
300,2295.58,2771.73,0.8282119831296699,0.8662902856269733,0.05206399527380204,0.7881942927162703,0
301,2264.29,2668.84,0.8484172899087243,0.8627875148234276,0.04816243739865881,0.7905438587254394,0
302,2178.97,2668.84,0.8164483445991516,0.8610875466485853,0.047045390180486715,0.7905194613778552,0
303,2168.36,2618.31,0.8281525105888914,0.8582715767432015,0.04517841865885694,0.7905039487549161,0
304,2122.84,2618.31,0.8107672506311324,0.8561102298460994,0.04383375378334786,0.7903595991710777,0
305,2158.8,2618.31,0.8245013004571652,0.85407982556091,0.04343222988050613,0.7889314807401508,0
306,2151.97,2606.43,0.8256389007186075,0.8517693065648325,0.041680137985568196,0.7892490995864803,0
307,2185.47,2606.43,0.8384917300675636,0.8503356567552356,0.041262053990005806,0.7884425757702269,0
308,2270.67,2606.43,0.8711801199341629,0.8492291739877401,0.04078137801043915,0.7880571069720814,0
309,2224.48,2606.43,0.8534585620945124,0.8489000687401227,0.040528214207722575,0.7881077474285388,0
310,2167.83,2606.43,0.8317238521656058,0.8477325578375609,0.03947180499612554,0.7885248503433725,0
311,2158.66,2606.43,0.8282056299229213,0.8467473633142498,0.039213956151744105,0.7879264290866337,0
312,2133.91,2606.43,0.818709882866603,0.8453781295381929,0.03857710611327345,0.7875124703682828,0
313,2145.95,2606.43,0.8233292281012726,0.843493738143356,0.03740028268535699,0.7873933141153205,0
314,2148.41,2606.43,0.8242730478086885,0.8413428759728897,0.035174244544938504,0.788581509155482,0
315,2156.46,2606.43,0.8273615635179153,0.8391742243948468,0.03253562800697479,0.7903707823843846,0
316,2134.72,2488.9,0.8576961709992365,0.8370011360685164,0.029252753403725164,0.7931220059629287,0
317,2176.24,2488.9,0.8743782393828597,0.8362597371813156,0.02819098211052775,0.793973264015524,0
318,2136.73,2488.9,0.8585037566796576,0.8363067114359718,0.02825355952931279,0.7939263721420026,0
319,2150.26,2488.9,0.8639398931254771,0.8367379237772626,0.028420661353641706,0.7941069317468001,0
320,2178.7,2488.9,0.8753666278275543,0.8380837100383054,0.028009160171554064,0.7960699697809743,0
321,2148.01,2488.9,0.8630358793041103,0.8394673914279935,0.02804013857428804,0.7974071835665615,0
322,2164.14,2488.9,0.8695166539435091,0.8402773024121049,0.0281020880438098,0.7981241703463902,0
323,2260.45,2488.9,0.9082124633372172,0.8418008260100778,0.0274797424065332,0.800581212400278,0
324,2329.4,2488.9,0.9359154646631042,0.8438358625216098,0.02840668722385584,0.8012258316858261,0
325,2331.13,2488.9,0.9366105508457552,0.846242336310062,0.030754780075066084,0.8001101661974628,0
326,2360.64,2488.9,0.9484671943428823,0.8483933225595254,0.03304868146572883,0.7988203003609321,0
327,2365.36,2488.9,0.9503636144481498,0.8506465319309566,0.03574462520491495,0.7970295941235842,0
328,2338.29,2488.9,0.9394873237173048,0.8530556170446579,0.03813037974034771,0.7958600474341364,0
329,2449.26,2488.9,0.9840732853871189,0.85506835055105,0.03987176821978329,0.7952606982213751,0
330,2438.36,2488.9,0.9796938406524971,0.8576341283206828,0.043691903102132265,0.7920962736674844,0
331,2425.21,2468.51,0.982459054247299,0.8592059514791136,0.0465479101139141,0.7893840863082424,0
332,2437.2,2468.51,0.9873162352998366,0.8612221959464601,0.049535721051747736,0.7869186143688385,0
333,2450.99,2468.51,0.9929026011642649,0.8635923071215941,0.05253246589962669,0.784793608272154,0
334,2466.79,2468.51,0.9993032234019711,0.8659722281784309,0.055508068691723124,0.7827101251408461,0
335,2441.73,2466.79,0.9898410484881162,0.8680626243972319,0.05842402489620196,0.780426587052929,0
336,2390.71,2466.79,0.9691582988418147,0.8702656509527515,0.06081266139700979,0.7790466588572369,0
337,2508.33,2466.79,1.0168396985556127,0.8724698084481732,0.062290757662609275,0.7790336719542593,0
338,2502.15,2508.33,0.9975362093504444,0.8754771297412448,0.06539700499978232,0.7773816222415714,0
339,2581.09,2508.33,1.0290073475180699,0.8786475395404489,0.06725119599856198,0.777770745542606,0
340,2583.46,2581.09,1.0009182167223925,0.8821263480778013,0.07025235602282717,0.7767478140435605,0
341,2808.82,2583.46,1.0872318518575863,0.8847372906523774,0.07210747280653683,0.7765760814425722,0
342,3124.89,2808.82,1.1125276806630542,0.8887237840972464,0.07737462422481922,0.7726618477600176,0
343,3193.23,3124.89,1.0218695698088573,0.8931041110488684,0.08336114637672314,0.7680623914837837,0
344,3383.17,3193.23,1.0594820918004655,0.8960577408335872,0.0851657922128361,0.7683090525143331,0
345,3445.84,3383.17,1.0185240469736963,0.9006262448303004,0.08745190421565267,0.7694483885068214,0
346,3533.71,3445.84,1.025500313421401,0.9042312805683135,0.08838691015562461,0.7716509153348765,0
347,3546.72,3533.71,1.003681682990398,0.9080585901972035,0.08925879738697876,0.7741703941167353,0
348,3635.15,3546.72,1.0249328957459287,0.9120625088217211,0.08877814547925764,0.7788952906028347,0
349,3571.73,3635.15,0.9825536772897955,0.9166579951114961,0.08830663527943813,0.7841980421923389,0
350,3434.39,3635.15,0.944772567844518,0.9199723199330283,0.08746324197488738,0.7887774569706972,0
351,3312.42,3635.15,0.9112196195480241,0.9228600225971495,0.08570434637649184,0.7943035030324117,0
352,3469.83,3635.15,0.9545218216579783,0.9250328862827417,0.0838958864326682,0.7991890566337394,0
353,3522.32,3635.15,0.968961390864201,0.9274619216390553,0.0828597926023153,0.8031722327355824,0
354,3572.84,3635.15,0.9828590292009959,0.9297800774266606,0.08228926964931811,0.8063461729526834,0
355,3478.52,3635.15,0.9569123695033217,0.932980282899773,0.08102147669072818,0.8114480678636807,0
356,3617.66,3635.15,0.995188644210005,0.9354564340327429,0.07971192225063586,0.8158885506567891,0
357,3892.57,3635.15,1.070814134217295,0.9390029992938751,0.07814265486299388,0.8217890169993842,0
358,3971.7,3892.57,1.020328471934994,0.943739784558493,0.0785302246312985,0.8259444476115452,0
359,4170.54,3971.7,1.0500642042450337,0.9474838147741926,0.07742243301672969,0.8313501652490981,0
360,4344.42,4170.54,1.0416924427052612,0.9515525162006824,0.07714113960450018,0.8358408067939321,0
361,4596.14,4344.42,1.0579409909723279,0.9548315993308959,0.07728161978434135,0.8389091696543839,0
362,4702.64,4596.14,1.0231716179228658,0.9587639537323921,0.07722463326999894,0.8429270038273937,0
363,4749.89,4702.64,1.010047547760407,0.9624456415354162,0.07559569342234265,0.8490521014019022,0
364,4558.4,4749.89,0.9596853821877979,0.9659426014938295,0.07343929317942052,0.8557836617246987,0
365,4617.47,4749.89,0.9721214596548552,0.9686536687884678,0.07043830622982569,0.8629962094437292,0
366,4951.34,4749.89,1.0424115084770385,0.9715150578568059,0.06737463074342953,0.8704531117416616,0
367,4840.83,4951.34,0.9776807894428579,0.9757100282542743,0.06476766880754738,0.8785585250429533,0
368,5230.55,4951.34,1.056390795219072,0.9786007825989848,0.061277171326647846,0.886685025609013,0
369,5335.12,5230.55,1.0199921614361778,0.9824218330647508,0.05976647640354817,0.8927721184594286,0
370,4637.05,5335.12,0.8691557078378743,0.9852221007965455,0.05798985209694496,0.898237322651128,1
371,4336.2,5335.12,0.8127652236500772,0.9854269460111266,0.057550601280481534,0.8991010440904043,1
372,3885.92,5335.12,0.728365997390874,0.9844428177519843,0.06005198091563048,0.8943648463785385,1
373,4106.56,5335.12,0.7697221430820675,0.981615882551279,0.06819528223397867,0.879322959200311,1
374,4151.5,5335.12,0.7781455712336367,0.9798213876239321,0.0724705093634669,0.8711156235787317,1
375,4176.28,5335.12,0.7827902652611375,0.9780642514179729,0.07620871242254282,0.8637511827841587,1
376,3816.7,5335.12,0.7153915938160716,0.9756522860703559,0.08033585184565434,0.8551485083018744,1
377,3906.95,5335.12,0.732307801886368,0.9714114424002207,0.08793577306098048,0.83950778280875,1
378,4073.54,5335.12,0.7635329664562371,0.967482543381771,0.09388399948868735,0.8266565441487399,1
379,3589.54,5335.12,0.6728133575252291,0.9639261159224125,0.09802966884055034,0.816881612661587,1
380,3342.29,5335.12,0.6264695077149155,0.9585886109815871,0.10601349205755585,0.7995683728952533,1
381,3365.83,5335.12,0.6308817796038327,0.9525690375969257,0.1155749388734327,0.7792066292867766,1
382,3347.19,5335.12,0.6273879500367378,0.9457768932549394,0.12377455295455748,0.7601150638231031,1
383,3251.27,5335.12,0.609408972994047,0.9390017799738671,0.1312953104189516,0.7420588143454397,1
384,3231.95,5335.12,0.6057876861251481,0.9318277399497661,0.138848767563575,0.7235545886044036,1
385,3202.95,5335.12,0.6003520070776289,0.9244906524656376,0.1457671947405409,0.7058398603548262,1
386,3340.12,5335.12,0.6260627689723942,0.9169416025793561,0.15217856583506292,0.6886737538267618,1
387,3534.07,5335.12,0.6624162155677848,0.9097639015326334,0.1569452359674012,0.6743460475815316,1
388,3571.24,5335.12,0.669383256609036,0.9034672701303195,0.16020385399263673,0.6631614891413644,0
389,3534.08,5335.12,0.6624180899398702,0.8977023654719967,0.16316002346634428,0.6529623302724803,0
390,3793.37,5335.12,0.7110186837409468,0.8908865653063093,0.16547200316800906,0.6426785605542957,0
391,3746.24,5335.12,0.7021847681026856,0.8853766128907422,0.16661743110596197,0.6354504662317992,0
392,3774.38,5335.12,0.7074592511508645,0.8790915632866002,0.16725612352632604,0.6282073779971111,0
393,3556.99,5335.12,0.6667122763874102,0.8734481216409938,0.16801406058363363,0.6214270307655434,0
394,3677.59,5335.12,0.6893172037367482,0.8653612067281059,0.16764227043257438,0.6138978010792444,0
395,3608.06,5335.12,0.6762846946272999,0.8572225437102923,0.16566895471176213,0.6087191116426491,0
396,3767.91,5335.12,0.706246532411642,0.8505766807260315,0.1658660859931756,0.6017775517362681,0
397,3838.2,5335.12,0.7194214937995771,0.8437836891993233,0.16436924461805955,0.5972298222722341,0
398,3731.0,5335.12,0.6993282250446101,0.8380317170228978,0.16336480354113164,0.5929845117112004,0
399,3361.56,5335.12,0.6300814227233876,0.8317591768618058,0.1622838995895311,0.5883333274775091,0
400,3118.73,5335.12,0.5845660453747995,0.8245745564720556,0.16279252161115793,0.5803857740553187,0
401,3113.46,5335.12,0.5835782512858193,0.8161059631956877,0.1636173796591492,0.5706798937069639,0
402,2946.09,5335.12,0.5522068856932928,0.8084333588494574,0.16500778994945176,0.5609216739252798,1
403,2963.79,5335.12,0.5555245242843647,0.8008840188080876,0.167607508475034,0.5494727560955366,0
404,3051.59,5335.12,0.5719815111937502,0.7940437285145556,0.17025358254342107,0.538663354699424,0
405,2948.03,5335.12,0.5525705138778509,0.7866871840825512,0.17144396191906888,0.5295212412039478,0
406,3093.89,5335.12,0.5799101051147866,0.7786796672174291,0.17248456070967969,0.5199528261529096,0
407,3018.28,5335.12,0.5657379777774446,0.7709306494465407,0.17218291553044177,0.5126562761508779,0
408,3171.96,5335.12,0.594543327985125,0.7634080649902738,0.17244305489976103,0.5047434826406323,0
409,3197.82,5335.12,0.5993904541978438,0.7557033473705643,0.1708268914986962,0.49946301012252003,0
410,3221.89,5335.12,0.6039020678072845,0.7466375073701903,0.1662232275800681,0.49730266600008816,0
411,3185.73,5335.12,0.5971243383466539,0.7386293072908112,0.16277435761851333,0.4944677708630412,0
412,3272.21,5335.12,0.6133339081407728,0.729918925254304,0.15782571352463473,0.4931803549673519,0
413,3174.9,5335.12,0.5950943933782183,0.7216812611280639,0.15231658302119186,0.4932063865962761,0
414,3156.75,5335.12,0.5916924080433055,0.7127803650204848,0.14565950722649154,0.4942911041807475,0
415,3130.35,5335.12,0.5867440657379778,0.7044826879074163,0.1398031236572609,0.4947780024215249,0
416,3074.94,5335.12,0.5763581700130457,0.696342236330062,0.1338595401301156,0.49555292613488855,0
417,3078.22,5335.12,0.5769729640570409,0.6889705591728552,0.1295586777443545,0.49463254255632344,0
418,3062.5,5335.12,0.5740264511388685,0.681371549642128,0.12409865553663334,0.495223566337178,0
419,3189.33,5335.12,0.5977991122973804,0.6723641446933173,0.11396408756836107,0.5014180133407757,0
420,3163.99,5335.12,0.5930494534330999,0.6650587278251349,0.10589904297950253,0.5062101633558811,0
421,3110.36,5335.12,0.5829971959393604,0.6561483174061741,0.09073349897093805,0.5200480689497671,0
422,3077.16,4637.05,0.6636029372122362,0.6477445680696968,0.07529774977667321,0.534797943404687,0
423,3154.2,4336.2,0.7274110972741109,0.6437916301730499,0.06853843417462872,0.5409839789111068,0
424,3192.28,4176.28,0.7643836141254897,0.6421502046658196,0.0653607489187405,0.5441090812877089,0
425,3276.28,4176.28,0.7844972080416065,0.6428428511414854,0.06647368614837461,0.5431323219189235,0
426,3225.16,4176.28,0.7722566494583697,0.6431269870060918,0.06705568397737746,0.5425434610400256,0
427,3203.93,4176.28,0.7671731780436177,0.6430137385104137,0.06682776914357667,0.5427720847950487,0
428,3205.11,4073.54,0.7868119620772105,0.6427134099100767,0.06621961173585614,0.5433839923062925,0
429,3294.23,4073.54,0.8086897391458044,0.6440868785304832,0.06845938635524189,0.5413977989976204,0
430,3365.02,4073.54,0.826067744517054,0.6455557619393186,0.07115573100967153,0.5388221654248113,0
431,3307.09,3838.2,0.8616252409983848,0.6467583538251035,0.0736726719338357,0.5362493459243499,0
432,3314.11,3838.2,0.8634542233338545,0.6503893515842025,0.07941133081389648,0.5312723553633578,0
433,3318.04,3838.2,0.8644781407951644,0.6549467499614898,0.08463978800937863,0.5279870679474219,0
434,3238.73,3838.2,0.8438148090250639,0.6594389876767077,0.08940253648092704,0.5253351829553172,0
435,3275.67,3838.2,0.8534391120837893,0.6636010426572525,0.0928523901292149,0.5243224574634302,0
436,3253.28,3838.2,0.8476056484810589,0.66829392994744,0.0961673776001682,0.5240428635471877,0
437,3305.85,3838.2,0.8613021728935438,0.6729442753773612,0.09889363617481925,0.5246038211151324,0
438,3327.74,3838.2,0.8670053670991611,0.6779625477968982,0.10171828225493079,0.525385124414502,0
439,3340.13,3838.2,0.870233442759627,0.682596059299336,0.10475033308735006,0.5254705596683109,0
440,3354.17,3838.2,0.8738914074305665,0.6865925444376406,0.10788285853922251,0.5247682566288069,0
441,3417.22,3838.2,0.8903183784065447,0.6905253934919009,0.11092787572886258,0.5241335798986071,0
442,3417.46,3838.2,0.8903809077171592,0.6949080913470294,0.1142480164587164,0.5235360666589548,0
443,3521.3,3838.2,0.9174352561096348,0.6983573648850336,0.11740782566377102,0.5222456263893771,0
444,3528.95,3838.2,0.9194283778854672,0.7024967973467056,0.1212762146662424,0.5205824753473419,0
445,3493.7,3838.2,0.9102443853889844,0.7065731267069864,0.12495289788202495,0.5191437798839489,0
446,3346.03,3838.2,0.8717706216455631,0.7112564364954781,0.1279573396327099,0.5193204270464132,0
447,3307.6,3838.2,0.8617581157834402,0.7147651560706476,0.1298317474454198,0.5200175349025179,0
448,3310.08,3838.2,0.8624042519931218,0.7183319526313425,0.1312933441567385,0.5213919363962348,0
449,3347.67,3838.2,0.8721979052680945,0.721334985700217,0.13278885469402454,0.5221517036591803,0
450,3319.91,3731.0,0.8898177432323774,0.7242729936130732,0.1344257195003107,0.5226344143626072,0
451,3354.89,3528.95,0.9506765468482127,0.7279362535782226,0.13631487390566702,0.5234639427197221,0
452,3387.96,3528.95,0.9600476062284816,0.7341015444267769,0.13902532534019693,0.5255635564164816,0
453,3364.49,3528.95,0.9533969027614446,0.741322343673963,0.1408454566619767,0.5300541586809979,0
454,3413.49,3528.95,0.9672820527352328,0.7484342408177251,0.1420557667004861,0.535350590766996,0
455,3421.44,3528.95,0.9695348474758781,0.7564164555685318,0.14247448029190743,0.5427047351306706,0
456,3473.85,3528.95,0.984386290539679,0.7643781925529839,0.14259592532396562,0.5504843045670355,0
457,3427.86,3528.95,0.9713540854928521,0.772309053694252,0.14315286283369283,0.5575797594437127,0
458,3427.89,3528.95,0.9713625866050808,0.7803625839176174,0.14232599019012637,0.5668735986324278,0
459,3445.81,3528.95,0.9764405843097805,0.7878905162539692,0.1418673806722081,0.5750894452456571,0
460,3489.6,3528.95,0.9888493744598252,0.795788643302668,0.14068457522966515,0.5847617804581702,0
461,3456.05,3528.95,0.9793422972838948,0.80337145188872,0.14025064795125256,0.5929954799618411,0
462,3517.46,3528.95,0.9967440740163506,0.8106782181019132,0.13930948256144965,0.6017139942597387,0
463,3486.5,3528.95,0.9879709261961774,0.8182328720674721,0.13852585725182065,0.6104440861897411,0
464,3466.79,3528.95,0.982385695461823,0.8257491526030397,0.13688727151397126,0.6204182453320828,0
465,3439.75,3528.95,0.9747233596395529,0.8328463023592138,0.1352151470011672,0.6300235818574629,0
466,3382.55,3528.95,0.9585145723232124,0.840146859402701,0.13234473412198622,0.6416297582197217,0
467,3385.38,3528.95,0.9593165105768006,0.8472011317926991,0.1285641061377549,0.6543549725860667,0
468,3403.85,3528.95,0.9645503620056958,0.8543659865011379,0.12406732408635861,0.6682650003716,0
469,3480.43,3528.95,0.9862508678218733,0.8618312209625351,0.11856842576856079,0.6839785823096939,0
470,3486.51,3528.95,0.9879737599002537,0.8697019498810895,0.11272878763247317,0.7006087684323797,0
471,3576.17,3528.95,1.01338075064821,0.8776624750495775,0.10584540522174948,0.7188943672169532,0
472,3518.76,3576.17,0.9839465126098592,0.8856544296332474,0.09981751772417007,0.7359281530469923,0
473,3622.88,3576.17,1.0130614596062268,0.8931716807712621,0.0917419194701257,0.7555588015660735,0
474,3666.8,3622.88,1.0121229519056663,0.9014421473802402,0.08211112569252839,0.7782754588414476,0
475,3655.93,3666.8,0.9970355623431875,0.9081444553551139,0.07633786447854457,0.7936376586372971,0
476,3703.09,3666.8,1.0098969128395332,0.913329541221827,0.0729006849782978,0.8039785137543802,0
477,3728.6,3703.09,1.0068888414810333,0.9180509508124816,0.0709903614839807,0.8115654085865105,0
478,3721.89,3728.6,0.9982003969318243,0.9223277129940092,0.06946936905584619,0.8181236594102399,0
479,3707.58,3728.6,0.9943624953065494,0.9266727850608063,0.06691804371097186,0.8262957194943485,0
480,3647.35,3728.6,0.9782089792415384,0.931041810392786,0.063636287223552,0.835587379557458,0
481,3724.67,3728.6,0.998945985088237,0.9347225222613307,0.06059289498096886,0.8438331797898774,0
482,3795.75,3728.6,1.0180094405406854,0.9383812962217617,0.058542883760720206,0.8505669705806814,0
483,3830.54,3795.75,1.0091655140617797,0.9420724826837549,0.05736169147138488,0.8560299454766775,0
484,3825.99,3830.54,0.9988121779174737,0.9449097956272817,0.05695193093692015,0.8594818992219015,0
485,3831.3,3830.54,1.0001984054467516,0.9475128332154281,0.05624487062014203,0.8631455272852151,0
486,3837.73,3831.3,1.0016782815232428,0.9501228383048819,0.05545967229763847,0.8669333298584242,0
487,3836.5,3837.73,0.9996794980365997,0.9531586743144622,0.053822849736401404,0.8724243997098601,0
488,3921.0,3837.73,1.0216977223514943,0.9559709894289393,0.05230955724576693,0.8775066535602889,0
489,3926.85,3921.0,1.0014919663351185,0.9593189139264476,0.05078692280434245,0.8831385297199339,0
490,4021.97,3926.85,1.024222977704776,0.9620148714926317,0.04917719601784773,0.88824907746586,0
491,3992.7,4021.97,0.9927224718235094,0.9650382870812011,0.048041227269546384,0.8929764461768815,0
492,4111.91,4021.97,1.0223621757496948,0.9673938453324296,0.046271971131197784,0.8979858886356329,0
493,4120.85,4111.91,1.0021741721000703,0.9702490524154898,0.04495111889741883,0.9028223740693615,0
494,4104.2,4120.85,0.9959595714476381,0.9724001253711344,0.04371037662131299,0.9068345604391649,0
495,3998.14,4120.85,0.9702221629032844,0.9744304842890282,0.04225366467379597,0.9110499872783343,0
496,4003.38,4120.85,0.9714937452224662,0.975445617111983,0.04148461782221126,0.9132186903786661,0
497,3980.86,4120.85,0.9660288532705631,0.9764468741761559,0.04072750303881882,0.9153556196179277,0
498,4054.6,4120.85,0.9839232197240859,0.9775196524046481,0.03967048736780777,0.9180139213529365,0
499,4030.85,4120.85,0.9781598456629093,0.9796764331369273,0.03674965267897419,0.924551954118466,0
500,4138.75,4120.85,1.0043437640292656,0.9819149279423017,0.03275410208577197,0.9327837748136438,0
501,4225.0,4138.75,1.0208396254907883,0.984644533942997,0.02819651051081102,0.9423497681767805,0
502,4285.4,4225.0,1.0142958579881656,0.9875030285626641,0.023758652602824643,0.9518650496584272,0
503,4381.3,4285.4,1.0223783077425679,0.9898968384618138,0.01963670834393423,0.9604417759459124,0
504,4271.23,4381.3,0.9748773195170382,0.9912757184790131,0.019343926690868766,0.96225982844271,0
505,3840.65,4381.3,0.8766005523474768,0.9915609052730238,0.018980405658128224,0.9630902967858315,1
506,3966.96,4381.3,0.9054298952365736,0.9900840523804474,0.02426124986318425,0.953692177585671,1
507,4071.09,4381.3,0.9291968137310844,0.9888945878131656,0.02678595061773458,0.9487156618865638,1
508,4016.46,4381.3,0.9167279118069979,0.9881188563949964,0.027917798764140227,0.9462421582487861,1
509,4108.87,4381.3,0.9378198251660466,0.9868177337270603,0.029619906180970434,0.9423878744556047,1
510,4056.42,4381.3,0.9258484924565767,0.9861728441053911,0.030319968726001463,0.9406928910163889,1
511,3904.94,4381.3,0.8912742793234885,0.9852975730640736,0.031393821106456964,0.9382068414043881,1
512,3898.5,4381.3,0.8898043959555383,0.983659759506645,0.03397998810544847,0.9326897773484722,1
513,3854.86,4381.3,0.879843881952845,0.9817550483815626,0.036374917091873675,0.927192672743752,1
514,3871.14,4381.3,0.8835596740693401,0.979841617317504,0.039024764731993164,0.9213044702195142,1
515,3760.85,4381.3,0.8583867801793987,0.9776649942416,0.04116149570401824,0.9159227506855727,1
516,3756.88,4381.3,0.8574806564261749,0.9751729914335849,0.044326299283978694,0.9086835425076168,1
517,3774.6,4381.3,0.8615251181156277,0.9727709714521301,0.04721774746091185,0.9019443502607624,1
518,3872.84,4381.3,0.8839476867596375,0.9705940821920548,0.04967160933455242,0.8960866681902262,1
519,3903.06,4381.3,0.8908451829365713,0.9691601036235246,0.05108345026408457,0.8925349282273977,1
520,3816.5,4381.3,0.8710884897176636,0.9678433473227509,0.05221216781425963,0.8895250956013615,1
521,3770.59,4381.3,0.8606098646520439,0.9660460036249041,0.05390883907876358,0.8851827450067588,1
522,3779.62,4381.3,0.8626708967658,0.9636298304870228,0.05576900571479034,0.8799763219148373,1
523,3753.43,4381.3,0.8566932189076301,0.9612201600421293,0.05738029700647688,0.875149714532414,1
524,3608.9,4381.3,0.8237052929495812,0.9582069382778874,0.05868667929190564,0.8701769193400289,1
525,3510.98,4381.3,0.8013557619884509,0.9551253763613434,0.06145057256727221,0.8629495175104351,1
526,3365.12,4381.3,0.768064273160934,0.951054112945617,0.06447547203670356,0.8543409048905617,1
527,3492.69,4381.3,0.7971812019263689,0.9463606768159105,0.06868824367315655,0.8433283113061757,1
528,3492.89,4381.3,0.7972268504781685,0.9425173237309719,0.07133740275132192,0.835511219603989,1
529,3521.23,4381.3,0.8036952502681852,0.938427514839407,0.07346331741334793,0.8282325387193852,1
530,3315.28,4381.3,0.7566886540524502,0.9345199457776215,0.07513538710345291,0.8218168651224422,1
531,3405.02,4381.3,0.7771711592449729,0.9298754891837876,0.07851048684857422,0.8121097589109263,1
532,3229.62,4381.3,0.7371373793166411,0.925698732721065,0.08075763873443653,0.8045622746194101,1
533,3325.33,4381.3,0.7589824937803847,0.9210627404148171,0.08451616144759236,0.7942884982434285,1
534,3334.5,4381.3,0.7610754798804008,0.916448057889666,0.08670311187574281,0.7863933900760518,1
535,3277.64,4381.3,0.7480975966037476,0.9115070201846603,0.08811148388572417,0.779339794356074,1
536,3242.09,4381.3,0.7399835665213521,0.9064864833104676,0.0898582838938994,0.7716990574696184,1
537,3410.49,4381.3,0.7784196471366945,0.9015090100143882,0.0917916380184181,0.7638215529867611,0
538,3438.86,4381.3,0.7848948942094812,0.8972440338930409,0.09226735010759317,0.7588430087316511,0
539,3170.73,4381.3,0.7236961632392213,0.8930751225985455,0.09235359639137325,0.7545447280114856,1
540,3134.95,4381.3,0.7155296373222558,0.887767750775519,0.0940221623773588,0.7467345072094808,1
541,3173.64,4381.3,0.7243603496679067,0.8818799029864952,0.09505154198096577,0.7393025900150465,1
542,3290.25,4381.3,0.7509757377947184,0.8765504488198179,0.09597824314435585,0.7325830841032841,0
543,3167.44,4381.3,0.7229452445621163,0.8712956942061629,0.09521173165460606,0.7284780967242539,1
544,3257.67,4381.3,0.7435395887065482,0.8661076706049824,0.0958136210631696,0.7223872390102279,0
545,3143.48,4381.3,0.7174765480565128,0.8607456977772295,0.09469302045110499,0.7187061671005721,1
546,3172.69,4381.3,0.7241435190468583,0.8552707434686996,0.09458583648675409,0.7133919887385685,0
547,3181.56,4381.3,0.7261680323191746,0.8500435116917612,0.09416825375918272,0.7087911310529871,0
548,3165.91,4381.3,0.7225960331408485,0.8453501630266822,0.09414293012031132,0.7041357678462152,0
549,3029.4,4381.3,0.6914386141099673,0.8405636685635742,0.09393077148578091,0.6996675113349029,1
550,3010.65,4381.3,0.687159062378746,0.8352830870412549,0.09445605416367492,0.6935990057957425,1
551,3035.87,4381.3,0.6929153447606874,0.8295760840153831,0.09426417387270021,0.6881798232063328,0
552,3094.78,4381.3,0.7063611256932874,0.8240906128441865,0.09374629730862215,0.6834711668812533,0
553,3168.17,4381.3,0.7231118617761851,0.8183601774915714,0.0915946145989867,0.6809682555930914,0
554,3184.47,4381.3,0.7268322187478602,0.8126346435739829,0.08792130047919272,0.6807526928551938,0
555,3247.4,4381.3,0.741195535571634,0.8071064966655156,0.08394017225802516,0.6811962382784779,0
556,3338.7,4271.23,0.7816717900932518,0.8016991356622285,0.07869342646948817,0.6836589959579963,0
557,3520.12,4108.87,0.8567124294514064,0.797983644711771,0.07482240170682901,0.6857500421515275,0
558,3749.71,4108.87,0.9125891060072477,0.7976011808099235,0.07446262744119975,0.6859072396481238,0
559,3657.58,4108.87,0.8901668828656054,0.7977388579401288,0.07467222923753877,0.6857305140838206,0
560,3745.01,4108.87,0.9114452392020191,0.796988282346562,0.07351210164771217,0.6867201298749938,0
561,3833.8,4108.87,0.9330545867842011,0.796886692488774,0.07334684763601394,0.686866421034753,0
562,3872.34,4056.42,0.9546200837191415,0.796795053289123,0.0731700777041987,0.687039936732825,0
563,4062.23,3904.94,1.040279748216362,0.7973483531210955,0.0742656736722751,0.6859498426126829,0
564,3988.62,4062.23,0.9818794110623967,0.8002138429074971,0.08056802193038978,0.6793618100119124,0
565,4120.61,4062.23,1.0143714166849243,0.8019845162749367,0.08353282678990158,0.6766852760900843,0
566,3889.27,4120.61,0.9438578268751472,0.8045715842505535,0.08795748454839608,0.6726353574279594,0
567,3913.21,4120.61,0.9496676462950875,0.8057311641122038,0.08940479568000072,0.6716239705922027,0
568,3730.45,4120.61,0.905314989770932,0.8074865653836595,0.09133422296021344,0.6704852309433393,0
569,3648.76,4120.61,0.8854902550835921,0.8084064564095201,0.09208541895350848,0.6702783279792575,0
570,3593.91,4120.61,0.8721791191110054,0.8088673244281346,0.09241585665311551,0.6702435394484614,0
571,3629.79,4120.61,0.8808865677654523,0.808641005819507,0.09224263376718622,0.6702770551687277,0
572,3564.68,4120.61,0.8650855091843198,0.8084494939892932,0.09207880948793036,0.6703312797573977,0
573,3654.88,4120.61,0.8869754720781633,0.8083340520559597,0.0920024686825728,0.6703303490321004,0
574,3833.94,4120.61,0.9304302032951433,0.8088410829680003,0.09236813713110752,0.670288877271339,0
575,3825.59,4120.61,0.9284038042911124,0.8101441465551031,0.0936119945027599,0.6697261548009633,0
576,3893.2,4120.61,0.9448115691608767,0.8115231962740164,0.09483144172299618,0.669276033689522,0
577,3808.73,4120.61,0.924312177080578,0.8138521631242337,0.09660699175638475,0.6689416754896566,0
578,3807.96,4120.61,0.9241253115436793,0.816216709568313,0.0977925948673061,0.6695278172673539,0
579,3858.57,4120.61,0.936407473650746,0.8192178833833658,0.0986765577085155,0.6712030468205925,0
580,3747.44,4120.61,0.9094381657084752,0.8218953116857576,0.0999475579627273,0.6719739747416666,0
581,3633.53,4120.61,0.8817942003732459,0.8240532215940328,0.10061363762486457,0.673132765156736,0
582,3710.54,4120.61,0.9004831808882666,0.8255551244806685,0.10088632551547728,0.6742256362074526,0
583,3820.86,4120.61,0.9272559159930206,0.8283204038428956,0.10093237644213278,0.6769218391796965,0
584,3799.59,4120.61,0.9220940588893393,0.8312066491649737,0.10158483214723396,0.6788294009441227,0
585,3948.51,4120.61,0.9582343390905717,0.8347635083875257,0.10146447394179664,0.6825667974748307,0
586,3972.38,4120.61,0.9640271707344302,0.8385952746434909,0.102305368579435,0.6851372217743384,0
587,3935.65,4120.61,0.9551134419418486,0.8424981917752992,0.10315774602325992,0.6877615727404093,0
588,3852.65,4120.61,0.9349707931592653,0.8464792657241086,0.10343740416565995,0.6913231594756186,0
589,3814.53,4120.61,0.9257197356702043,0.85022902008253,0.10303458279923525,0.6956771458836771,0
590,3911.73,4120.61,0.9493084761722173,0.8530617140927899,0.1030464766550303,0.6984919991102444,0
591,3869.38,4120.61,0.9390308716427909,0.8562235137459193,0.10343552268159495,0.701070229723527,0
592,3896.79,4120.61,0.9456827993913524,0.8603645658306035,0.10233031124932285,0.7068690989566192,0
593,3952.39,4120.61,0.9591759472505285,0.8647905881780861,0.10091051209769725,0.7134248200315402,0
594,3973.01,4120.61,0.9641800607191655,0.8693062727469825,0.09975038404677779,0.7196806966768158,0
595,3877.09,4120.61,0.940901953836932,0.8734063558801451,0.09917125805998672,0.724649468790165,0
596,3849.99,4120.61,0.9343252576681608,0.877597831058507,0.09727517157707614,0.7316850736928928,0
597,3828.67,4120.61,0.9291512664387069,0.8812667862308458,0.09570500158966248,0.737709283846352,0
598,3902.39,4120.61,0.9470418214778881,0.8853374538920418,0.09306711026699543,0.7457367884915487,0
599,3968.22,4120.61,0.9630176114701464,0.8896239597080231,0.09059761577225303,0.7537275360496436,0
600,4017.25,4120.61,0.9749163352027977,0.8941787593070804,0.08813918501791491,0.7619699817802079,0
601,4022.03,4120.61,0.9760763576266622,0.8990310728082717,0.08541110500320512,0.7709144153034639,0
602,4144.96,4120.61,1.005909319251276,0.904504875568208,0.08084494914190181,0.7832374518553553,0
603,4163.18,4144.96,1.0043956998378754,0.910634688200372,0.0759799993324085,0.7966646892017593,0
604,4154.85,4163.18,0.9979991256683594,0.9166246950287794,0.07056419974494178,0.8107783954113668,0
605,4003.9,4163.18,0.9617407846886274,0.922233118105223,0.06488602687292219,0.8249040777958397,0
606,3899.87,4163.18,0.936752674638137,0.9268221358535391,0.0586676463741732,0.8388206662922794,0
607,3987.73,4163.18,0.9578567345154425,0.930859067697583,0.05140987609568413,0.8537442535540568,0
608,4149.49,4163.18,0.9967116483073034,0.9350256292157332,0.04397985941670614,0.8690558400906739,0
609,3940.05,4163.18,0.9464039508260512,0.9391610111044648,0.03911875403824066,0.8804828800471038,0
610,4138.51,4163.18,0.9940742413251409,0.9408858480539776,0.037349465466371454,0.8848616498544204,0
611,3895.31,4163.18,0.9356573580772389,0.942452869887014,0.037845071604958196,0.8856852624795768,0
612,3653.22,4163.18,0.8775070979395557,0.9433276867180068,0.03713179505190064,0.8876299941401559,1
613,3710.06,4163.18,0.8911601227907512,0.9426750301552673,0.037991482505049114,0.8856878063976936,0
614,3713.22,4163.18,0.8919191579513736,0.9418693673861623,0.03863820872054484,0.883912054305345,0
615,3769.18,4163.18,0.9053608059223958,0.9406635803521666,0.03920666923109388,0.8818535765055258,0
616,3839.49,4163.18,0.9222493382462443,0.9380689853080519,0.036880345338190915,0.8827484673007656,0
617,3796.97,4163.18,0.9120359917178694,0.9369222531385106,0.036415543328415234,0.8822989381458878,0
618,3912.58,4163.18,0.9398056293506405,0.9349542641968365,0.034880816594109944,0.8826330393056716,0
619,3963.62,4163.18,0.9520654884006936,0.9348763373213652,0.034865058136029844,0.8825787501173205,0
620,3912.82,4163.18,0.9398632775906879,0.93492244966955,0.034886583674341276,0.882592574158038,0
621,3824.06,4163.18,0.9185430368132053,0.93558683981993,0.034639775477175526,0.8836271766041667,0
622,3867.02,4163.18,0.9288620717816668,0.9362224702378072,0.03399983574521739,0.8852227166199812,0
623,4001.25,4163.18,0.9611042520381055,0.9373125270199354,0.03279355130613768,0.8881222000607288,0
624,4003.08,4163.18,0.9615438198684658,0.9388551747944095,0.03196342181494264,0.8909100420719955,0
625,4098.71,4163.18,0.9845142415173016,0.9407101423075661,0.030356884110720215,0.8951748161414858,0
626,4138.99,4163.18,0.9941895378052353,0.9425858878737032,0.029982670637732592,0.8976118819171044,0
627,4419.6,4163.18,1.0615923404705057,0.9438120289219741,0.030769218623117673,0.8976582009872976,0
628,4753.13,4419.6,1.0754661055299122,0.9463733469254241,0.03474772830920381,0.8942517544616184,0
629,4544.7,4753.13,0.9561488955698665,0.9488859341632901,0.03908559134967497,0.8902575471387777,0
630,4505.59,4753.13,0.947920633351076,0.9494981787496226,0.038942200815359915,0.8910848775265827,0
631,4695.05,4753.13,0.9877806834654217,0.9499557810920726,0.03877766253251598,0.8917892872932986,0
632,4707.93,4753.13,0.9904904768016024,0.9509437274346624,0.03907897366446253,0.8923252669379685,0
633,4704.63,4753.13,0.9897961974530467,0.9525024257249147,0.03900738314946285,0.8939913510007205,0
634,4718.84,4753.13,0.9927858064054633,0.9545793872072187,0.03803177960033721,0.8975317178067128,0
635,4844.27,4753.13,1.019174733281017,0.9563544376979342,0.03760911402555071,0.8999407666596081,0
636,4770.22,4844.27,0.9847138991014126,0.9581221072611648,0.03836713816082847,0.9005714000199221,0
637,4627.28,4844.27,0.9552068732750237,0.9593263349575509,0.038196498248574975,0.9020315875846885,0
638,4737.09,4844.27,0.977874891366501,0.959268114461098,0.0382005024220477,0.9019673608280265,0
639,4570.02,4844.27,0.9433867228705254,0.9595344167809455,0.03828250854879233,0.902110653957757,0
640,4587.4,4844.27,0.9469744667411187,0.9593089029526511,0.038343553274386585,0.9017935730410712,0
641,4681.14,4844.27,0.9663251635437331,0.9595397428292252,0.03823012254620879,0.902194559009912,0
642,4791.68,4844.27,0.9891438751349533,0.9603206164421777,0.037939372974774836,0.9034115569800154,0
643,4718.49,4844.27,0.97403530356483,0.9610866818068456,0.038114428742464644,0.9039150386931487,0
644,4695.33,4844.27,0.9692543974633948,0.9617598439591925,0.038026264912064886,0.9047204465910951,0
645,4885.72,4844.27,1.0085565007730783,0.9622131439221164,0.03797131268727834,0.9052561748911989,0
646,4856.85,4885.72,0.9940909425836929,0.9631627699513964,0.03850755949430434,0.9054014307099398,0
647,4943.29,4885.72,1.011783319551673,0.9637379792180218,0.038745714757114164,0.9056194070823506,0
648,4980.77,4943.29,1.0075819949871443,0.9651010824048437,0.03917106852304738,0.9063444796202726,0
649,5065.92,4980.77,1.0170957502554825,0.9665098658148243,0.03935939899222785,0.9074707673264826,0
650,4889.63,5065.92,0.9652007927484051,0.9682011058882238,0.0396112997006058,0.9087841563373151,0
651,4999.97,5065.92,0.9869816341355568,0.9685503168741951,0.03950099366147784,0.9092988263819783,0
652,5042.01,5065.92,0.9952802255069169,0.9690111634639149,0.03957490103817026,0.9096488119066595,0
653,5211.29,5065.92,1.0286956762049144,0.9694027767389939,0.03973491332860208,0.9098004067460908,0
654,5495.43,5211.29,1.0545239278566345,0.9704146867116525,0.040569450360642204,0.9095605111706893,0
655,5458.08,5495.43,0.9932034435885817,0.9713495830309864,0.04194042023385407,0.9084389526802052,0
656,5569.78,5495.43,1.0135294235391952,0.9711343473338844,0.04179597450622755,0.9084403855745431,0
657,5351.96,5569.78,0.9608925307642313,0.9714330069083237,0.04204644155760856,0.9083633445719108,0
658,5483.41,5569.78,0.9844931038568848,0.9714166943328545,0.04205043989397315,0.9083410344918947,0
659,5807.72,5569.78,1.0427198201724306,0.972334779510138,0.04179918910540284,0.9096359958520338,0
660,5778.84,5807.72,0.9950273084790588,0.9739667619266185,0.04286589388850619,0.9096679210938592,0
661,5336.76,5807.72,0.9189079363330188,0.9739343707760753,0.042849003010527645,0.9096608662602838,0
662,5262.8,5807.72,0.9061731626180325,0.9734056012665939,0.04336198195211699,0.9083626283384184,1
663,5146.38,5807.72,0.8861274303857624,0.9717151959068417,0.044244808068023916,0.9053479838048059,1
664,5007.09,5807.72,0.8621438361353508,0.9707626972973903,0.045550161068242154,0.9024374556950271,1
665,5037.99,5807.72,0.8674643405673826,0.9704672499550018,0.04621191319837511,0.9011493801574391,1
666,5161.56,5807.72,0.8887411927572266,0.9700115618353216,0.04711724384208174,0.899335696072199,1
667,5035.34,5807.72,0.8670080513523379,0.9699504471200495,0.047222465398982234,0.8991167490215761,1
668,4966.18,5807.72,0.8550997637627158,0.9692128941475483,0.04853239287452299,0.8964143048357638,1
669,5135.45,5807.72,0.8842454526044643,0.9679215561767115,0.0506534882008419,0.8919413238754487,1
670,5123.49,5807.72,0.8821861246754319,0.9673871227322229,0.05139585147925542,0.8902933455133398,1
671,4996.05,5807.72,0.8602429180470132,0.9662790553346228,0.052608959948737335,0.8873656154115168,1
672,5110.59,5807.72,0.8799649432135158,0.9645132366739748,0.05459877376504459,0.882615076026408,1
673,5134.15,5807.72,0.8840216126121782,0.9633613456282603,0.0557487585403352,0.8797382078177575,0
674,5321.09,5807.72,0.9162098035029237,0.9626974720859328,0.05649350519464899,0.8779572142939593,0
675,5282.28,5807.72,0.9095273188101354,0.9624541592344186,0.05666906220054137,0.8774505659336065,0
676,5224.7,5807.72,0.8996129289979544,0.9614622951338805,0.057142543476732664,0.8757484799187815,0
677,5102.47,5807.72,0.8785668041847747,0.9602713164632937,0.05778261545664918,0.8735973932783199,0
678,5239.97,5807.72,0.9022421879842693,0.9582338657453604,0.058770475502251965,0.8700781524919825,0
679,5081.12,5807.72,0.8748906627729987,0.9564656474795729,0.059050009209639015,0.8678906336651143,0
680,5069.44,5807.72,0.8728795465346124,0.9528752306007745,0.05820258781834224,0.8655713488732611,0
681,5094.77,5807.72,0.8772409826920031,0.9489793352354803,0.056593863292937543,0.864088540296074,0
682,5089.23,5807.72,0.8762870799556451,0.9474618753724443,0.057449275584265415,0.8612879619960462,0
683,4811.17,5807.72,0.8284094274517366,0.9460843070379169,0.05829074245469414,0.8586481933558757,1
684,4921.56,5807.72,0.8474168864890181,0.9430194751914998,0.06021345801453834,0.8526992881696922,1
685,4945.98,5807.72,0.8516216346518082,0.940268059993181,0.061261476067975294,0.8483758458912181,0
686,4769.27,5807.72,0.8211948923157453,0.9376108568623879,0.06206248991802479,0.8445171219853507,1
687,4827.04,5807.72,0.831141997203722,0.9343110315914317,0.06361365729330545,0.8388905456514735,1
688,4843.06,5807.72,0.8339003946471248,0.9306950174360991,0.06403792379190171,0.8346381317482465,1
689,5013.52,5807.72,0.86325098317412,0.9277947577350552,0.06495207901057497,0.8303666392191927,0
690,4855.94,5807.72,0.836118132416852,0.9260263752331146,0.06544107700327635,0.8278647597282001,0
691,4849.43,5807.72,0.8349972106093269,0.9233002837148521,0.06618720392436969,0.8240194778282975,0
692,4866.38,5807.72,0.837915739739519,0.9212158700175214,0.06724058112152097,0.82035499833524,0
693,4929.94,5807.72,0.8488597935162162,0.9191185868059522,0.06811650380040207,0.8169438311053491,0
694,4932.11,5807.72,0.8492334341187247,0.9168596373823461,0.06846714560710525,0.8141589189716882,0
695,4959.73,5807.72,0.8539891730317576,0.9141690519781878,0.0683197647107439,0.811689404912072,0
696,4908.77,5807.72,0.8452146453341415,0.9118604725448594,0.06828538965824188,0.8094323880574965,0
697,4842.35,5807.72,0.8337781435744148,0.90947509269622,0.06840756439962938,0.8068637460967759,0
698,4888.37,5807.72,0.8417020793013437,0.9061139704423995,0.06773431219507743,0.8045125021497833,0
699,4890.06,5807.72,0.8419930712913157,0.9031834153792773,0.06714735765083006,0.8024623789030322,0
700,4860.13,5807.72,0.8368395859304512,0.8999182182973473,0.06587913323925075,0.8010995184384712,0
701,4901.02,5807.72,0.8438802146108972,0.8966347104308723,0.06465138201531374,0.7996576374079016,0
702,5055.12,5807.72,0.8704138629272761,0.8933036424377073,0.06275771072192232,0.7991670763548239,0
703,4954.76,5807.72,0.8531334155227869,0.8914808168642241,0.06200047513281066,0.7984801041650081,0
704,4921.34,5807.72,0.8473790058749389,0.8889068126601323,0.06072318999540767,0.7978220276670207,0
705,4940.37,5807.72,0.8506556789927888,0.8860625584364404,0.05908471536388983,0.7974354853906057,0
706,4822.37,5807.72,0.8303378950775864,0.8826387123362072,0.055720071074632595,0.7990586057242582,0
707,4726.73,5807.72,0.8138701590297052,0.8783274424750718,0.05059748192480428,0.8024312195878653,0
708,4779.31,5807.72,0.822923625794632,0.8748787254643241,0.04868972191777627,0.8018441425876597,0
709,4563.77,5807.72,0.7858109550735918,0.8712132293538517,0.045088538506383294,0.8035804215942768,1
710,4601.4,5807.72,0.7922902619272278,0.8678462759751855,0.04479659287304385,0.8006513866656197,1
711,4651.24,5807.72,0.8008719428622592,0.8641500674765383,0.04287127984451517,0.7998431477097656,0
712,4573.42,5778.84,0.791407964228115,0.8594991467590349,0.035625345566842874,0.8060611284087706,1
713,4496.43,5336.76,0.8425392935039238,0.8555833901388247,0.031373346471107004,0.8085233704321642,0
714,4306.52,5321.09,0.8093304191434463,0.8541147623921113,0.030113062603371984,0.8089451684870533,0
715,4265.9,5321.09,0.8016966448603575,0.8522524019406768,0.029823608156718966,0.8075169897055983,1
716,4174.57,5321.09,0.7845328682657124,0.8506287329882652,0.030238628442572225,0.805270790324407,1
717,4276.16,5321.09,0.8036248212302366,0.8491362143753877,0.031546211690560974,0.8018168968395462,0
718,4230.77,5321.09,0.7950946140734324,0.8479085313112116,0.03205703528452505,0.799822978384424,1
719,4188.75,5321.09,0.787197735802251,0.8461076355672925,0.03234728371817434,0.797586709990031,1
720,4013.25,5321.09,0.7542157715806348,0.8445728218067141,0.03321786074640478,0.7947460306871069,1
721,4016.24,5321.09,0.7547776865266327,0.8426327450339817,0.0354612733339124,0.789440835033113,1
722,3908.82,5321.09,0.7345900933831226,0.840142980301716,0.03699420909256946,0.7846516666628618,1
723,3988.6,5321.09,0.7495832620760032,0.8373045950845562,0.03929576097986254,0.7783609536147624,1
724,4077.6,5321.09,0.7663091584618941,0.8351765247774213,0.040989088088031485,0.7736928926453741,1
725,4001.3,5321.09,0.7519699911108438,0.8329908366091208,0.041579988604519,0.7706208537023422,1
726,4089.57,5321.09,0.7685586975600864,0.8304513823494797,0.04242607557489361,0.7668122689871393,0
727,4238.99,5282.28,0.8024924843060194,0.8276119380044252,0.0415049056531009,0.7653545795247739,0
728,4309.04,5239.97,0.822340585919385,0.8255535758024231,0.03998922838809446,0.7655697332202813,0
729,4394.77,5239.97,0.8387013666108776,0.8240675692047584,0.0385946166208044,0.7661756442735519,0
730,4466.72,5239.97,0.8524323612539767,0.8233009261744909,0.037880147651404406,0.7664807046973843,0
731,4428.78,5094.77,0.8692796730765078,0.8223430448912161,0.036447488598929635,0.7676718119928216,0
732,4248.53,5094.77,0.8339002545747893,0.8222351412432066,0.03629686427274067,0.7677898448340956,0
733,4238.23,5094.77,0.8318785735175482,0.8214855394747484,0.0356267635389447,0.7680453941663314,0
734,4170.1,5089.23,0.8193970404167233,0.8206131854521629,0.03478008048378837,0.7684430647264804,0
735,4156.91,5055.12,0.8223167798192723,0.8195191462302607,0.033877521747210815,0.7687028636094444,0
736,4191.15,5055.12,0.8290901106205193,0.8194019799296364,0.03385670098092124,0.7686169284582545,0
737,4151.07,5055.12,0.821161515453639,0.8190495419321652,0.03365413825366966,0.7685683345516607,0
738,4107.55,5055.12,0.8125524220987831,0.8184637704091234,0.03333970389292279,0.7684542145697393,0
739,4023.61,5055.12,0.7959474750352119,0.8182975690587972,0.033347362908588835,0.768276524695914,0
740,4093.79,5055.12,0.80983042934688,0.8176207513247875,0.03343858999764557,0.7674628663283192,0
741,3932.68,5055.12,0.7779597714792131,0.8171578673767057,0.03337535344068162,0.7670948372156833,0
742,3856.02,5055.12,0.7627949484878698,0.8155176517671883,0.033160821586569175,0.7657764193873345,1
743,3804.89,5055.12,0.752680450711358,0.8141075905377847,0.03382004219635275,0.7633775272432556,1
744,3842.47,5055.12,0.7601144977765117,0.8125245759243623,0.034737154942649354,0.7604188435103884,1
745,3742.89,5055.12,0.7404156577885391,0.8110283981943046,0.0352931330361762,0.7580886986400404,1
746,3541.33,5055.12,0.7005432116349365,0.8089429340456955,0.036206016045813,0.754633909976976,1
747,3767.17,5055.12,0.7452187089525076,0.8060835066902381,0.038744174015251535,0.7479672456673608,1
748,3788.44,5055.12,0.7494263242019972,0.8039917669964064,0.039042137433735045,0.7454285608458038,0
749,3801.57,5055.12,0.7520236908322652,0.8021496838977112,0.03931779147913149,0.743172996679014,0
750,3775.78,5055.12,0.746921932614854,0.8005774828834392,0.03966132267982506,0.7410854988637017,0
751,3870.95,5055.12,0.7657483897513807,0.7987547877548529,0.03991141580383827,0.7388876640490954,0
752,3998.24,5055.12,0.7909288008988906,0.7972885438790848,0.03969171804101684,0.7377509668175595,0
753,3954.23,5055.12,0.7822227761160961,0.7964056441669393,0.03930341583667568,0.7374505204119257,0
754,3828.22,5055.12,0.7572955735966703,0.7952199241958855,0.03876952860705728,0.7370656312852996,0
755,3871.63,4954.76,0.7813960716563466,0.7930445724779892,0.03762429066506034,0.7366081364803987,0
